userID,target,date,guest,orderID,shippingCosts,productID,price,amount,currency,formerPrice
JnTXDoxs21UzZWTQSvTB,vergani,2019-06-11 16:37:01.325,True,000024457,15.0,6259,9.0,1.0,CHF,9.0
JnTXDoxs21UzZWTQSvTB,vergani,2019-06-11 16:37:01.325,True,000024457,15.0,6690,18.0,1.0,CHF,18.0
JnTXDoxs21UzZWTQSvTB,vergani,2019-06-11 16:37:01.325,True,000024457,15.0,6427,18.0,1.0,CHF,18.0
JnTXDoxs21UzZWTQSvTB,vergani,2019-06-11 16:37:01.325,True,000024457,15.0,6433,18.0,1.0,CHF,18.0
JnTXDoxs21UzZWTQSvTB,vergani,2019-06-11 16:37:01.325,True,000024457,15.0,6426,18.0,1.0,CHF,18.0
L3FlRdGBgQ5pvrcZ343K,vergani,2019-06-11 19:47:08.169,False,000024461,0.0,6262,131.4,1.0,CHF,131.4
L3FlRdGBgQ5pvrcZ343K,vergani,2019-06-11 19:47:08.169,False,000024461,0.0,6946,26.0,1.0,CHF,26.0
L3FlRdGBgQ5pvrcZ343K,vergani,2019-06-11 19:47:08.169,False,000024461,0.0,7144,31.4,1.0,CHF,28.0
L3FlRdGBgQ5pvrcZ343K,vergani,2019-06-11 19:47:08.169,False,000024461,0.0,6670,46.0,1.0,CHF,46.0
kAIDnWe07zvUsRUrJUHD,vergani,2019-06-12 07:09:05.921,False,000024465,15.0,6670,46.0,1.0,CHF,46.0
LtXTLnUw6B0aTLs07Lny,vergani,2019-06-12 11:28:07.498,False,000024468,0.0,6794,13.0,10.0,CHF,13.0
4GEHG3kzw3TQs4fZAhqN,vergani,2019-06-13 11:18:36.725,True,000024474,0.0,6391,122.5,1.0,CHF,122.5
9X6oq56pC768PcyDN9k3,vergani,2019-06-13 14:15:19.705,True,000024476,0.0,27,225.0,1.0,CHF,225.0
ueCVyT3MvH7HFlIG5xlG,vergani,2019-06-13 14:48:08.120,True,000024479,0.0,6898,19.5,1.0,CHF,19.5
BCZxwSo9hGSK5CCkHC7f,vergani,2019-06-13 19:34:16.446,False,000024481,0.0,7093,14.5,6.0,CHF,14.5
BCZxwSo9hGSK5CCkHC7f,vergani,2019-06-13 19:34:16.446,False,000024481,0.0,7190,23.8,3.0,CHF,23.8
VPvSPz90mDTgCNQbrHKw,vergani,2019-06-14 09:52:51.089,True,000024484,0.0,6507,41.5,1.0,CHF,41.5
VPvSPz90mDTgCNQbrHKw,vergani,2019-06-14 09:52:51.089,True,000024484,0.0,6621,30.0,1.0,CHF,30.0
VPvSPz90mDTgCNQbrHKw,vergani,2019-06-14 09:52:51.089,True,000024484,0.0,6620,10.0,1.0,CHF,10.0
VPvSPz90mDTgCNQbrHKw,vergani,2019-06-14 09:52:51.089,True,000024484,0.0,7192,25.0,1.0,CHF,28.0
Rq4HcPuoXRmILq2IErTB,vergani,2019-06-15 11:04:05.034,True,000024486,0.0,27,150.0,1.0,CHF,150.0
IykKCmubsgUFaCefV92O,vergani,2019-06-15 15:22:42.803,True,000024488,0.0,7173,30.0,12.0,CHF,30.0
GqpGl6vlBGFH0qJvXIb0,vergani,2019-06-15 19:48:44.400,False,000024489,0.0,6336,48.0,1.0,CHF,48.0
GqpGl6vlBGFH0qJvXIb0,vergani,2019-06-15 19:48:44.400,False,000024489,0.0,6291,51.0,1.0,CHF,51.0
XiV9FiootGX3B5gySzr3,vergani,2019-06-15 21:51:23.362,True,000024490,15.0,6365,10.0,13.0,CHF,10.0
T2IUzeCQeLlT3779zIZ7,vergani,2019-06-16 09:50:58.308,True,000024491,0.0,7102,151.0,1.0,CHF,151.0
qHpGAlEqkQn4NHVz56fC,vergani,2019-06-16 12:22:07.688,True,000024492,0.0,7058,18.0,12.0,CHF,18.0
UQg65NnHRJR3WDVWlmOX,vergani,2019-06-16 13:56:00.760,True,000024493,0.0,7075,12.6,8.0,CHF,15.9
TAWf372nSdvFkGuNwoD6,vergani,2019-06-16 19:39:03.254,False,000024495,0.0,7237,25.0,2.0,CHF,25.0
TAWf372nSdvFkGuNwoD6,vergani,2019-06-16 19:39:03.254,False,000024495,0.0,7229,21.0,2.0,CHF,21.0
TAWf372nSdvFkGuNwoD6,vergani,2019-06-16 19:39:03.254,False,000024495,0.0,7225,20.0,2.0,CHF,20.0
B2SKSH8gPnOczVuCcC5E,vergani,2019-06-16 20:19:29.484,True,000024497,0.0,6405,37.0,3.0,CHF,37.0
UyU2wnR6SJd3vJTrRGgR,vergani,2019-06-17 08:04:45.024,True,000024500,0.0,6466,14.5,7.0,CHF,14.5
UyU2wnR6SJd3vJTrRGgR,vergani,2019-06-17 08:04:45.024,True,000024500,0.0,7269,16.3,5.0,CHF,15.9
gxcTRALrgrLS1ElKG82S,vergani,2019-06-17 11:40:15.696,False,000024503,0.0,7120,29.0,2.0,CHF,29.0
gxcTRALrgrLS1ElKG82S,vergani,2019-06-17 11:40:15.696,False,000024503,0.0,7082,25.0,2.0,CHF,25.0
2SMbHshabrb4AsOnw180,vergani,2019-06-17 16:32:24.723,True,000024506,0.0,6456,69.5,1.0,CHF,69.5
2SMbHshabrb4AsOnw180,vergani,2019-06-17 16:32:24.723,True,000024506,0.0,6262,131.4,1.0,CHF,131.4
2SMbHshabrb4AsOnw180,vergani,2019-06-17 16:32:24.723,True,000024506,0.0,6923,12.5,6.0,CHF,12.5
bD5D3Lqr9HfKWUBhUaAq,vergani,2019-06-17 17:49:19.873,True,000024507,0.0,6730,30.0,6.0,CHF,30.0
WdHLAx3q6eNs5cMHZVlb,vergani,2019-06-17 21:19:51.007,True,000024508,0.0,7287,18.5,2.0,CHF,18.5
WdHLAx3q6eNs5cMHZVlb,vergani,2019-06-17 21:19:51.007,True,000024508,0.0,7194,12.7,6.0,CHF,15.9
WdHLAx3q6eNs5cMHZVlb,vergani,2019-06-17 21:19:51.007,True,000024508,0.0,6822,12.7,6.0,CHF,12.7
WdHLAx3q6eNs5cMHZVlb,vergani,2019-06-17 21:19:51.007,True,000024508,0.0,7092,17.0,2.0,CHF,15.9
WdHLAx3q6eNs5cMHZVlb,vergani,2019-06-17 21:19:51.007,True,000024508,0.0,6946,26.0,1.0,CHF,26.0
WdHLAx3q6eNs5cMHZVlb,vergani,2019-06-17 21:19:51.007,True,000024508,0.0,7059,18.0,2.0,CHF,18.0
HEhah7UZOiNgKQBf6kuc,vergani,2019-06-18 12:08:12.741,True,000024512,0.0,6308,38.0,2.0,CHF,38.0
HEhah7UZOiNgKQBf6kuc,vergani,2019-06-18 12:08:12.741,True,000024512,0.0,6300,38.0,1.0,CHF,38.0
HEhah7UZOiNgKQBf6kuc,vergani,2019-06-18 12:08:12.741,True,000024512,0.0,6335,19.8,1.0,CHF,19.8
HEhah7UZOiNgKQBf6kuc,vergani,2019-06-18 12:08:12.741,True,000024512,0.0,6632,18.3,6.0,CHF,18.3
W2MOkV2v6gHR8Pn1wIya,vergani,2019-06-18 12:23:18.915,False,000024513,0.0,6300,38.0,3.0,CHF,38.0
grXhTrOaVgUK2i4fHElV,vergani,2019-06-18 15:49:57.145,True,000024514,0.0,6923,12.5,12.0,CHF,12.5
0NSiGw4tQdQtr7LbKT8y,vergani,2019-06-18 17:30:16.892,True,000024516,0.0,6942,18.6,6.0,CHF,18.6
Xofx2EQWea2wyI7ssGGL,vergani,2019-06-18 17:49:33.187,True,000024517,15.0,7233,13.5,7.0,CHF,13.5
BN7RQyEuOidaAQrCFEzG,vergani,2019-06-18 21:51:33.221,True,000024519,0.0,27,100.0,1.0,CHF,100.0
IxHA6s6a5fzi0vEyQac2,vergani,2019-06-19 08:40:06.329,True,000024521,15.0,4569,4.0,1.0,CHF,4.0
IxHA6s6a5fzi0vEyQac2,vergani,2019-06-19 08:40:06.329,True,000024521,15.0,7201,80.0,1.0,CHF,80.0
l2Jd4LBiwaNEmNUOrOGE,vergani,2019-06-19 18:50:31.143,True,000024525,0.0,7189,15.3,8.0,CHF,15.3
l2Jd4LBiwaNEmNUOrOGE,vergani,2019-06-19 18:50:31.143,True,000024525,0.0,7024,15.0,4.0,CHF,15.0
wTIVqAAe88WI0qPauiZ2,vergani,2019-06-20 06:56:52.945,True,000024527,0.0,6301,40.5,3.0,CHF,40.5
wTIVqAAe88WI0qPauiZ2,vergani,2019-06-20 06:56:52.945,True,000024527,0.0,6296,38.0,3.0,CHF,38.0
xVBZ6oTMS44lIx83d3b6,vergani,2019-06-20 08:15:53.746,False,000024529,0.0,7095,52.0,2.0,CHF,52.0
xVBZ6oTMS44lIx83d3b6,vergani,2019-06-20 08:15:53.746,False,000024529,0.0,6415,25.9,3.0,CHF,25.9
xVBZ6oTMS44lIx83d3b6,vergani,2019-06-20 08:15:53.746,False,000024529,0.0,6428,25.9,3.0,CHF,25.9
xVBZ6oTMS44lIx83d3b6,vergani,2019-06-20 08:15:53.746,False,000024529,0.0,7101,57.0,2.0,CHF,57.0
xVBZ6oTMS44lIx83d3b6,vergani,2019-06-20 08:15:53.746,False,000024529,0.0,6743,55.5,2.0,CHF,55.5
Dl8tmU6L0hZioTLweuwk,vergani,2019-06-20 14:08:26.463,True,000024531,0.0,7071,21.3,10.0,CHF,21.3
Dl8tmU6L0hZioTLweuwk,vergani,2019-06-20 14:08:26.463,True,000024531,0.0,6890,19.0,4.0,CHF,19.0
bm4d2fQ9NCllHBzacG97,vergani,2019-06-21 06:34:15.928,True,000024533,0.0,7026,12.0,12.0,CHF,12.0
bm4d2fQ9NCllHBzacG97,vergani,2019-06-21 06:34:15.928,True,000024533,0.0,6809,17.0,6.0,CHF,17.0
Dot4ZHT3Kg2zLwxv3xk5,vergani,2019-06-21 23:20:05.385,True,000024535,0.0,6379,21.5,2.0,CHF,21.5
Dot4ZHT3Kg2zLwxv3xk5,vergani,2019-06-21 23:20:05.385,True,000024535,0.0,6325,90.0,1.0,CHF,90.0
GAPoUAt1S2aZxtENCZpk,vergani,2019-06-22 09:39:57.539,True,000024537,0.0,7093,14.5,12.0,CHF,14.5
JHgDQpp8T66cE0eXTw3U,vergani,2019-06-22 09:48:40.080,False,000024538,0.0,6390,8.8,9.0,CHF,8.8
JHgDQpp8T66cE0eXTw3U,vergani,2019-06-22 09:48:40.080,False,000024538,0.0,7059,18.0,3.0,CHF,18.0
VIXnuRvqkJmBTMbghiDE,vergani,2019-06-22 11:33:18.974,True,000024540,0.0,7172,110.0,1.0,CHF,110.0
ci4dPDNP2DHpcGpc8yyD,vergani,2019-06-22 12:08:05.065,True,000024542,0.0,6967,34.0,4.0,CHF,34.0
yFZ5seQANPJazBi9hlH2,vergani,2019-06-23 12:36:53.724,True,000024545,15.0,7234,16.4,2.0,CHF,16.4
DJZTwV1x9XU1LI86iGup,vergani,2019-06-23 17:04:57.108,True,000024547,15.0,6780,12.9,3.0,CHF,12.9
yBqR04OpTBPODu2LaSQd,vergani,2019-06-23 18:40:12.477,True,000024549,0.0,7115,23.0,6.0,CHF,23.0
yBqR04OpTBPODu2LaSQd,vergani,2019-06-23 18:40:12.477,True,000024549,0.0,6282,42.0,1.0,CHF,42.0
yBqR04OpTBPODu2LaSQd,vergani,2019-06-23 18:40:12.477,True,000024549,0.0,6264,13.0,1.0,CHF,13.0
yBqR04OpTBPODu2LaSQd,vergani,2019-06-23 18:40:12.477,True,000024549,0.0,6266,11.5,1.0,CHF,11.5
yBqR04OpTBPODu2LaSQd,vergani,2019-06-23 18:40:12.477,True,000024549,0.0,6341,27.5,1.0,CHF,27.5
P3TUqko5b9RIbTOzhdMK,vergani,2019-06-24 04:47:39.684,True,000024551,0.0,7093,14.5,21.0,CHF,14.5
4BuQO9zsPeucVw5MTm92,vergani,2019-06-24 10:34:06.985,False,000024556,0.0,6794,13.0,12.0,CHF,13.0
67TNIHRcpE92A1WRnupQ,vergani,2019-06-24 14:06:43.223,True,000024559,0.0,6366,19.0,1.0,CHF,19.0
67TNIHRcpE92A1WRnupQ,vergani,2019-06-24 14:06:43.223,True,000024559,0.0,6334,19.0,1.0,CHF,19.0
67TNIHRcpE92A1WRnupQ,vergani,2019-06-24 14:06:43.223,True,000024559,0.0,6266,11.5,1.0,CHF,11.5
67TNIHRcpE92A1WRnupQ,vergani,2019-06-24 14:06:43.223,True,000024559,0.0,6303,80.0,1.0,CHF,80.0
BJ3pM756IJChrzOagMGG,vergani,2019-06-24 16:10:06.580,True,000024560,0.0,6304,255.0,1.0,CHF,255.0
dI4qMl1myn1VcduyD3Lx,vergani,2019-06-25 17:10:57.146,True,000024562,0.0,6409,77.0,1.0,CHF,77.0
dI4qMl1myn1VcduyD3Lx,vergani,2019-06-25 17:10:57.146,True,000024562,0.0,6990,32.0,1.0,CHF,32.0
dI4qMl1myn1VcduyD3Lx,vergani,2019-06-25 17:10:57.146,True,000024562,0.0,6383,40.0,1.0,CHF,40.0
dI4qMl1myn1VcduyD3Lx,vergani,2019-06-25 17:10:57.146,True,000024562,0.0,6440,76.7,1.0,CHF,76.7
dI4qMl1myn1VcduyD3Lx,vergani,2019-06-25 17:10:57.146,True,000024562,0.0,6272,36.0,1.0,CHF,36.0
dI4qMl1myn1VcduyD3Lx,vergani,2019-06-25 17:10:57.146,True,000024562,0.0,6404,36.0,1.0,CHF,36.0
cUlum8te8ezTDHToIDi6,vergani,2019-06-26 22:52:18.839,False,000024565,0.0,6300,38.0,7.0,CHF,38.0
TlLdT7JIuBii1T226zEE,vergani,2019-06-27 09:51:14.057,True,000024567,0.0,7138,44.0,12.0,CHF,44.0
TlLdT7JIuBii1T226zEE,vergani,2019-06-27 09:51:14.057,True,000024567,0.0,7273,382.0,1.0,CHF,382.0
TlLdT7JIuBii1T226zEE,vergani,2019-06-27 09:51:14.057,True,000024567,0.0,7108,41.4,6.0,CHF,41.4
TlLdT7JIuBii1T226zEE,vergani,2019-06-27 09:51:14.057,True,000024567,0.0,6862,28.0,12.0,CHF,28.0
TRVha4h3FCGme7c1IRhr,vergani,2019-06-27 17:12:39.604,True,000024570,15.0,6285,12.0,1.0,CHF,12.0
TRVha4h3FCGme7c1IRhr,vergani,2019-06-27 17:12:39.604,True,000024570,15.0,6284,11.5,1.0,CHF,11.5
TRVha4h3FCGme7c1IRhr,vergani,2019-06-27 17:12:39.604,True,000024570,15.0,6406,60.0,1.0,CHF,60.0
8VZemCxrJ9TWMlXatM7Z,vergani,2019-06-28 13:22:40.074,True,000024573,0.0,7306,15.9,6.0,CHF,15.9
8VZemCxrJ9TWMlXatM7Z,vergani,2019-06-28 13:22:40.074,True,000024573,0.0,7137,15.0,6.0,CHF,15.0
qKOpz2CxfVV3f5blaqlN,vergani,2019-06-28 18:47:37.661,True,000024575,0.0,7114,81.0,2.0,CHF,81.0
x2HlUWpGJH39aJ68MNGF,vergani,2019-06-29 10:50:07.128,True,000024577,0.0,6374,13.0,6.0,CHF,13.0
x2HlUWpGJH39aJ68MNGF,vergani,2019-06-29 10:50:07.128,True,000024577,0.0,6348,25.9,1.0,CHF,25.9
ehTb23vw2bXDiX3aUt1P,vergani,2019-06-29 15:45:33.204,True,000024579,0.0,6263,17.5,6.0,CHF,17.5
BzquFXWqBJOVlUTTGcIH,vergani,2019-06-30 08:18:55.698,True,000024581,0.0,6994,69.0,6.0,CHF,61.0
INrCaRBHp0qmFloVRGLb,vergani,2019-06-30 12:39:31.464,True,000024583,0.0,6964,18.0,6.0,CHF,18.0
JxtPs7gebGo1CvQ5R459,vergani,2019-06-30 18:46:45.080,True,000024585,0.0,6873,36.0,6.0,CHF,42.6
JxtPs7gebGo1CvQ5R459,vergani,2019-06-30 18:46:45.080,True,000024585,0.0,6506,18.5,1.0,CHF,18.5
JxtPs7gebGo1CvQ5R459,vergani,2019-06-30 18:46:45.080,True,000024585,0.0,7005,37.0,2.0,CHF,37.0
MxgbmCqxd449iHSR0RKv,vergani,2019-07-01 08:28:08.111,True,000024588,0.0,7309,99.0,6.0,CHF,99.0
MxgbmCqxd449iHSR0RKv,vergani,2019-07-01 08:28:08.111,True,000024588,0.0,7101,57.0,6.0,CHF,57.0
MMrlNhi7OffouAkuyukC,vergani,2019-07-01 12:02:57.023,True,000024590,0.0,27,100.0,1.0,CHF,100.0
dE9MZMvJ4iLTEHINFDel,vergani,2019-07-02 08:40:21.889,True,000024591,0.0,6403,127.0,1.0,CHF,127.0
v3yWXoimZ6EmkGi9avrn,vergani,2019-07-02 10:11:06.629,True,000024593,15.0,3876,95.0,1.0,CHF,95.0
2vCGtZkDBUGPz2NbrIMp,vergani,2019-07-02 10:24:55.984,False,000024596,0.0,7288,13.5,8.0,CHF,15.9
4too1Bi2mkOtT5LhAKB4,vergani,2019-07-02 11:16:29.804,True,000024598,0.0,7234,16.4,12.0,CHF,16.4
NViuOBP1TKg275w8LOBK,vergani,2019-07-02 11:59:20.449,False,000024600,0.0,6809,17.0,18.0,CHF,17.0
NViuOBP1TKg275w8LOBK,vergani,2019-07-02 11:59:20.449,False,000024600,0.0,7093,14.5,6.0,CHF,14.5
GMZuMDVszreT9ieUMT8C,vergani,2019-07-02 13:36:11.783,False,000024602,0.0,6873,36.0,2.0,CHF,36.0
GMZuMDVszreT9ieUMT8C,vergani,2019-07-02 13:36:11.783,False,000024602,0.0,7243,15.0,2.0,CHF,15.0
GMZuMDVszreT9ieUMT8C,vergani,2019-07-02 13:36:11.783,False,000024602,0.0,7038,19.5,6.0,CHF,19.5
GMZuMDVszreT9ieUMT8C,vergani,2019-07-02 13:36:11.783,False,000024602,0.0,7315,18.3,6.0,CHF,18.3
GMZuMDVszreT9ieUMT8C,vergani,2019-07-02 13:36:11.783,False,000024602,0.0,6946,26.0,3.0,CHF,26.0
GMZuMDVszreT9ieUMT8C,vergani,2019-07-02 13:36:11.783,False,000024602,0.0,7191,22.4,3.0,CHF,22.4
yCL9DyTxglPHVslKemHR,vergani,2019-07-02 18:20:04.663,True,000024604,15.0,6355,45.0,1.0,CHF,45.0
Fkr9r3hSTLNU1yMLQM4E,vergani,2019-07-03 06:23:44.956,True,000024606,0.0,6830,11.8,6.0,CHF,11.8
Fkr9r3hSTLNU1yMLQM4E,vergani,2019-07-03 06:23:44.956,True,000024606,0.0,7027,20.0,2.0,CHF,20.0
Fkr9r3hSTLNU1yMLQM4E,vergani,2019-07-03 06:23:44.956,True,000024606,0.0,7265,13.5,2.0,CHF,13.5
Fkr9r3hSTLNU1yMLQM4E,vergani,2019-07-03 06:23:44.956,True,000024606,0.0,7310,16.3,2.0,CHF,16.3
Fkr9r3hSTLNU1yMLQM4E,vergani,2019-07-03 06:23:44.956,True,000024606,0.0,7034,16.4,2.0,CHF,16.4
Fkr9r3hSTLNU1yMLQM4E,vergani,2019-07-03 06:23:44.956,True,000024606,0.0,6746,17.5,2.0,CHF,17.5
Fkr9r3hSTLNU1yMLQM4E,vergani,2019-07-03 06:23:44.956,True,000024606,0.0,7293,18.3,2.0,CHF,18.3
Fkr9r3hSTLNU1yMLQM4E,vergani,2019-07-03 06:23:44.956,True,000024606,0.0,7099,18.5,2.0,CHF,18.5
Fkr9r3hSTLNU1yMLQM4E,vergani,2019-07-03 06:23:44.956,True,000024606,0.0,6890,19.0,2.0,CHF,19.0
Fkr9r3hSTLNU1yMLQM4E,vergani,2019-07-03 06:23:44.956,True,000024606,0.0,6975,23.4,2.0,CHF,23.4
iAe1HScufnk8wggS0VIW,vergani,2019-07-03 07:18:39.933,False,000024608,0.0,7031,26.0,6.0,CHF,26.0
UB8yner7hfyp6rKq7dzW,vergani,2019-07-03 14:14:18.830,False,000024610,0.0,6274,62.0,2.0,CHF,62.0
UB8yner7hfyp6rKq7dzW,vergani,2019-07-03 14:14:18.830,False,000024610,0.0,6419,87.0,1.0,CHF,87.0
UB8yner7hfyp6rKq7dzW,vergani,2019-07-03 14:14:18.830,False,000024610,0.0,6417,87.0,1.0,CHF,87.0
M3Szd1AhSFK6lfTitWTs,vergani,2019-07-03 19:25:44.622,True,000024612,0.0,6947,16.8,6.0,CHF,16.8
HFZND5FD1GXZ5UrWDibl,vergani,2019-07-04 11:08:51.133,True,000024614,0.0,6413,38.0,3.0,CHF,38.0
6S95vrXJdlNHG4HvnzRT,vergani,2019-07-04 13:15:40.451,False,000024616,0.0,7191,22.4,6.0,CHF,22.4
6S95vrXJdlNHG4HvnzRT,vergani,2019-07-04 13:15:40.451,False,000024616,0.0,7318,26.8,2.0,CHF,26.8
6S95vrXJdlNHG4HvnzRT,vergani,2019-07-04 13:15:40.451,False,000024616,0.0,6591,26.5,2.0,CHF,26.5
6S95vrXJdlNHG4HvnzRT,vergani,2019-07-04 13:15:40.451,False,000024616,0.0,7288,13.5,2.0,CHF,15.9
6S95vrXJdlNHG4HvnzRT,vergani,2019-07-04 13:15:40.451,False,000024616,0.0,7105,13.5,3.0,CHF,13.5
6S95vrXJdlNHG4HvnzRT,vergani,2019-07-04 13:15:40.451,False,000024616,0.0,7005,37.0,3.0,CHF,37.0
G2a6OZr8lzAwZMAAAZwF,vergani,2019-07-06 08:34:15.839,False,000024621,0.0,7272,12.0,2.0,CHF,12.0
G2a6OZr8lzAwZMAAAZwF,vergani,2019-07-06 08:34:15.839,False,000024621,0.0,7310,16.3,2.0,CHF,16.3
G2a6OZr8lzAwZMAAAZwF,vergani,2019-07-06 08:34:15.839,False,000024621,0.0,6549,31.0,2.0,CHF,31.0
SbgrpeSW3yNHkGWsE8B1,vergani,2019-07-06 12:39:08.669,True,000024623,0.0,7144,31.4,6.0,CHF,31.4
Ilgw8Dp9std8syMxyiUP,vergani,2019-07-06 13:54:11.125,False,000024625,0.0,7092,17.0,2.0,CHF,17.0
Ilgw8Dp9std8syMxyiUP,vergani,2019-07-06 13:54:11.125,False,000024625,0.0,7306,15.9,2.0,CHF,15.9
Ilgw8Dp9std8syMxyiUP,vergani,2019-07-06 13:54:11.125,False,000024625,0.0,7168,18.3,2.0,CHF,18.3
zyVdxKyDuqo7shamZNFq,vergani,2019-07-06 19:16:45.888,True,000024627,0.0,7090,77.0,6.0,CHF,77.0
ao6cGrpVrVZnkCLBbKGi,vergani,2019-07-07 11:09:43.085,True,000024629,0.0,6959,45.0,2.0,CHF,45.0
ao6cGrpVrVZnkCLBbKGi,vergani,2019-07-07 11:09:43.085,True,000024629,0.0,6958,45.0,2.0,CHF,45.0
TtEMluMaXuQRy00Z1C9W,vergani,2019-07-07 14:29:33.670,False,000024633,0.0,7093,14.5,24.0,CHF,14.5
TtEMluMaXuQRy00Z1C9W,vergani,2019-07-07 14:29:33.670,False,000024633,0.0,6348,25.9,6.0,CHF,25.9
TtEMluMaXuQRy00Z1C9W,vergani,2019-07-07 14:29:33.670,False,000024633,0.0,6706,208.0,1.0,CHF,208.0
zT9zQTFrwZNHedd5B33Q,vergani,2019-07-07 17:13:46.705,True,000024635,0.0,7224,64.5,1.0,CHF,64.5
zT9zQTFrwZNHedd5B33Q,vergani,2019-07-07 17:13:46.705,True,000024635,0.0,7037,45.6,1.0,CHF,45.6
zT9zQTFrwZNHedd5B33Q,vergani,2019-07-07 17:13:46.705,True,000024635,0.0,7010,48.5,1.0,CHF,48.5
btSaKHOqthHIQpz9DyTv,vergani,2019-07-07 18:39:30.247,True,000024637,0.0,6416,94.0,2.0,CHF,94.0
rQXlo51Wp6VTnBHHF0I7,vergani,2019-07-08 07:21:57.659,True,000024640,0.0,7165,19.0,6.0,CHF,19.0
34dwx5CiutXxs7pl7ma2,vergani,2019-07-08 12:56:57.685,True,000024642,0.0,7062,15.0,12.0,CHF,15.0
34dwx5CiutXxs7pl7ma2,vergani,2019-07-08 12:56:57.685,True,000024642,0.0,7071,21.3,6.0,CHF,21.3
7gtqyANSoSNv3iGVhQPM,vergani,2019-07-08 13:47:57.349,True,000024644,0.0,27,300.0,1.0,CHF,300.0
bsoqnrttE0O6kF6MT0nT,vergani,2019-07-08 19:00:03.768,False,000024646,0.0,6390,8.8,24.0,CHF,8.8
gPieghLUBuGgbTrvwlBT,vergani,2019-07-09 07:51:31.120,True,000024649,0.0,7090,77.0,6.0,CHF,77.0
o2E4dbJcuWsowMfNaxg0,vergani,2019-07-09 13:56:00.747,True,000024651,0.0,7071,21.3,6.0,CHF,21.3
TCHhnxUfkgf0IIgVBN1l,vergani,2019-07-10 14:46:11.761,False,000024653,0.0,7178,18.4,12.0,CHF,18.4
vlqtMlUZa9eU0yQMyTV0,vergani,2019-07-11 10:33:11.329,True,000024655,0.0,6263,17.5,6.0,CHF,17.5
GpsdBxI4TSEdReeTHF3g,vergani,2019-07-11 13:04:32.999,True,000024658,0.0,6393,199.0,1.0,CHF,199.0
s5zTo62P6vDPHMphkklm,vergani,2019-07-11 14:13:41.507,False,000024661,0.0,7154,39.0,1.0,CHF,39.0
s5zTo62P6vDPHMphkklm,vergani,2019-07-11 14:13:41.507,False,000024661,0.0,7153,40.0,1.0,CHF,40.0
s5zTo62P6vDPHMphkklm,vergani,2019-07-11 14:13:41.507,False,000024661,0.0,6457,61.0,1.0,CHF,61.0
s5zTo62P6vDPHMphkklm,vergani,2019-07-11 14:13:41.507,False,000024661,0.0,6419,87.0,1.0,CHF,87.0
s5zTo62P6vDPHMphkklm,vergani,2019-07-11 14:13:41.507,False,000024661,0.0,6364,52.0,1.0,CHF,52.0
ngvoMQmVpRF57oEW2RrL,vergani,2019-07-11 19:21:14.588,True,000024665,0.0,7191,22.4,6.0,CHF,22.4
zZBEZ66nzaAFVLu9PTZt,vergani,2019-07-11 19:30:54.852,False,000024667,0.0,7215,0.0,1.0,CHF,0.0
vzteTHPMrmamwAd8DtTm,vergani,2019-07-11 21:12:45.215,True,000024668,0.0,7297,18.0,2.0,CHF,18.0
vzteTHPMrmamwAd8DtTm,vergani,2019-07-11 21:12:45.215,True,000024668,0.0,6572,19.0,2.0,CHF,19.0
vzteTHPMrmamwAd8DtTm,vergani,2019-07-11 21:12:45.215,True,000024668,0.0,6907,14.2,2.0,CHF,14.2
yfccUs9LQdUvRuUWLDvd,vergani,2019-07-12 08:26:48.607,True,000024671,15.0,6262,210.0,1.0,CHF,210.0
zyPH2kAqLrqPVZ5eXgoP,vergani,2019-07-12 09:31:33.397,True,000024673,0.0,7215,0.0,1.0,CHF,0.0
2mQ3CdPVPO1CtcBrJhSk,vergani,2019-07-12 15:51:17.177,True,000024676,0.0,4573,120.0,1.0,CHF,120.0
LmrPkoUEQ8F4t00ypZpP,vergani,2019-07-12 17:06:31.282,False,000024681,0.0,6739,8.8,6.0,CHF,8.8
LmrPkoUEQ8F4t00ypZpP,vergani,2019-07-12 17:06:31.282,False,000024681,0.0,6794,13.0,6.0,CHF,13.0
l7MARoovO1Zt5zFlW1Qg,vergani,2019-07-12 23:24:25.484,True,000024684,0.0,6792,45.0,2.0,CHF,45.0
l7MARoovO1Zt5zFlW1Qg,vergani,2019-07-12 23:24:25.484,True,000024684,0.0,7192,28.0,2.0,CHF,28.0
l7MARoovO1Zt5zFlW1Qg,vergani,2019-07-12 23:24:25.484,True,000024684,0.0,6872,61.0,2.0,CHF,61.0
l7MARoovO1Zt5zFlW1Qg,vergani,2019-07-12 23:24:25.484,True,000024684,0.0,6283,41.0,1.0,CHF,41.0
l7MARoovO1Zt5zFlW1Qg,vergani,2019-07-12 23:24:25.484,True,000024684,0.0,6618,90.0,1.0,CHF,90.0
BJ3pM756IJChrzOagMGG,vergani,2019-07-13 06:26:31.846,True,000024686,0.0,6859,26.8,4.0,CHF,26.8
Pet3B5sud7TlTTVEbXlc,vergani,2019-07-13 08:32:53.680,True,000024687,0.0,6876,13.8,12.0,CHF,13.8
mADXIIJoQCHOwsIVoKCR,vergani,2019-07-13 14:09:12.288,True,000024690,15.0,6262,210.0,1.0,CHF,210.0
mADXIIJoQCHOwsIVoKCR,vergani,2019-07-13 14:09:12.288,True,000024690,15.0,6387,21.0,2.0,CHF,21.0
Hm38cNq14f6P6cx7SHDi,vergani,2019-07-13 20:15:48.167,True,000024693,0.0,6709,23.0,24.0,CHF,23.0
Hm38cNq14f6P6cx7SHDi,vergani,2019-07-13 20:15:48.167,True,000024693,0.0,7303,47.0,12.0,CHF,47.0
Hm38cNq14f6P6cx7SHDi,vergani,2019-07-13 20:15:48.167,True,000024693,0.0,6671,102.0,2.0,CHF,102.0
Wf7Ib4lKwnySUwp7RVqB,vergani,2019-07-14 13:09:23.607,True,000024697,15.0,6405,37.0,1.0,CHF,37.0
Fr1ETc0rTatLqvTD3i05,vergani,2019-07-14 17:27:07.698,False,000024699,0.0,6340,38.0,1.0,CHF,38.0
Fr1ETc0rTatLqvTD3i05,vergani,2019-07-14 17:27:07.698,False,000024699,0.0,6300,38.0,1.0,CHF,38.0
Fr1ETc0rTatLqvTD3i05,vergani,2019-07-14 17:27:07.698,False,000024699,0.0,6405,37.0,1.0,CHF,37.0
V9TdZSPL1Kte2Ere4ZXs,vergani,2019-07-15 11:51:01.384,True,000024701,0.0,6309,113.0,1.0,CHF,113.0
EWRAs5TCgQQIUKxX5rmP,vergani,2019-07-15 14:30:49.782,False,000024703,0.0,6329,46.8,1.0,CHF,46.8
EWRAs5TCgQQIUKxX5rmP,vergani,2019-07-15 14:30:49.782,False,000024703,0.0,6372,39.0,2.0,CHF,39.0
0D0a81fUqws5Bp0ZldsK,vergani,2019-07-16 11:41:48.920,True,000024707,0.0,4573,120.0,2.0,CHF,120.0
0D0a81fUqws5Bp0ZldsK,vergani,2019-07-16 11:41:48.920,True,000024707,0.0,4572,70.0,2.0,CHF,70.0
Xo6eOoTckTxkc4gWkP7S,vergani,2019-07-17 04:45:30.962,True,000024709,0.0,6261,70.0,1.0,CHF,70.0
TRHWasIzeAprtSVdFqHI,vergani,2019-07-17 15:16:42.994,False,000024711,0.0,6409,77.0,1.0,CHF,77.0
TRHWasIzeAprtSVdFqHI,vergani,2019-07-17 15:16:42.994,False,000024711,0.0,6940,31.0,1.0,CHF,31.0
TRHWasIzeAprtSVdFqHI,vergani,2019-07-17 15:16:42.994,False,000024711,0.0,7044,21.5,1.0,CHF,21.5
efbRJ4MqK1fuOctg0oaB,vergani,2019-07-18 08:47:04.631,True,000024714,0.0,6406,60.0,2.0,CHF,60.0
5v7KC2NJD7fu5llMZKqy,vergani,2019-07-18 09:17:37.594,False,000024715,0.0,6466,14.5,48.0,CHF,14.5
cNumyT862VJoxstvnIOb,vergani,2019-07-18 12:22:12.621,True,000022627,0.0,6516,35.5,1.0,CHF,35.5
cNumyT862VJoxstvnIOb,vergani,2019-07-18 13:04:35.940,True,000022635,0.0,6466,14.5,1.0,CHF,14.5
cNumyT862VJoxstvnIOb,vergani,2019-07-18 13:27:01.052,True,000022637,0.0,6466,14.5,1.0,CHF,14.5
cNumyT862VJoxstvnIOb,vergani,2019-07-18 13:49:18.242,True,000022639,0.0,6466,14.5,1.0,CHF,14.5
CGdWIMs4hm7SvMRK73IT,vergani,2019-07-18 18:38:17.462,True,000024717,0.0,6913,64.0,2.0,CHF,64.0
z7aV8b2p9W08I22NpLNF,vergani,2019-07-19 08:10:05.595,True,000024719,0.0,4572,70.0,2.0,CHF,70.0
MEosmZtAe5x4uWZw5GoG,vergani,2019-07-19 08:30:12.433,True,000024721,0.0,7225,20.0,6.0,CHF,20.0
30CDq8AeDn04xX1VodCc,vergani,2019-07-19 13:24:38.419,True,000024723,0.0,6412,13.0,18.0,CHF,13.0
30CDq8AeDn04xX1VodCc,vergani,2019-07-19 13:24:38.419,True,000024723,0.0,6466,14.5,6.0,CHF,14.5
zpKEtDD22nM0HFBPGgMw,vergani,2019-07-20 11:47:56.842,True,000024725,0.0,7191,22.4,6.0,CHF,22.4
HvwMyMChM2roQD2wficR,vergani,2019-07-20 16:11:27.017,True,000024727,0.0,7317,12.5,10.0,CHF,12.5
fd4wZ96rcwoCGKTkNF5d,vergani,2019-07-20 18:28:34.618,False,000024729,0.0,7191,22.4,24.0,CHF,22.4
kHlJN0uta2yCoyM90q3m,vergani,2019-07-21 13:00:40.673,False,000024732,0.0,6409,77.0,1.0,CHF,77.0
kHlJN0uta2yCoyM90q3m,vergani,2019-07-21 13:00:40.673,False,000024732,0.0,6405,37.0,3.0,CHF,37.0
kHlJN0uta2yCoyM90q3m,vergani,2019-07-21 13:00:40.673,False,000024732,0.0,6283,41.0,2.0,CHF,41.0
KCFtoTRaODU5NmFleyVJ,vergani,2019-07-21 18:27:16.831,False,000024735,0.0,6975,23.4,12.0,CHF,23.4
fBnepWXGSIlVE3bgLUu4,vergani,2019-07-22 07:03:12.818,True,000024737,0.0,6466,14.5,7.0,CHF,14.5
THQHP2v7fgo5HfQvTUu1,vergani,2019-07-22 12:40:08.261,False,000024739,0.0,6508,27.0,1.0,CHF,27.0
4vnZLLL57BcqTOCeh73r,vergani,2019-07-22 15:07:40.734,True,000024742,0.0,7306,15.9,18.0,CHF,15.9
EuGLr74dar1ovtyXORvM,vergani,2019-07-23 09:11:06.999,False,000024745,0.0,6793,11.3,6.0,CHF,13.3
EuGLr74dar1ovtyXORvM,vergani,2019-07-23 09:11:06.999,False,000024745,0.0,7262,11.5,6.0,CHF,11.5
EuGLr74dar1ovtyXORvM,vergani,2019-07-23 09:11:06.999,False,000024745,0.0,7322,11.4,6.0,CHF,13.4
r0uTXzDrQbHPXNG7IygS,vergani,2019-07-23 13:57:46.458,False,000024749,0.0,6928,16.0,12.0,CHF,13.3
r0uTXzDrQbHPXNG7IygS,vergani,2019-07-23 13:57:46.458,False,000024749,0.0,7316,16.3,12.0,CHF,13.3
iuIGuK6752aiJn46xic9,vergani,2019-07-24 08:41:10.306,True,000024755,0.0,6506,18.5,6.0,CHF,18.5
GP8J52tBvpK0mmS3kBAI,vergani,2019-07-24 17:26:27.626,True,000024760,0.0,7346,20.0,6.0,CHF,20.0
rab5oi8q3Imt0RsgiQSt,vergani,2019-07-25 07:10:03.907,False,000024762,0.0,7220,17.7,6.0,CHF,13.3
rab5oi8q3Imt0RsgiQSt,vergani,2019-07-25 07:10:03.907,False,000024762,0.0,7272,12.0,6.0,CHF,12.0
oToJHLHV8bkaUoBT396A,vergani,2019-07-25 10:54:44.282,True,000024764,0.0,6726,21.3,6.0,CHF,21.3
nB2ex2lZu4uWNWhiXMMa,vergani,2019-07-25 15:50:57.043,True,000024767,0.0,6261,70.0,2.0,CHF,70.0
EZe6lgUTrnVAkZVuQyIW,vergani,2019-07-25 18:29:20.387,True,000024769,0.0,7330,12.0,6.0,CHF,12.0
EZe6lgUTrnVAkZVuQyIW,vergani,2019-07-25 18:29:20.387,True,000024769,0.0,6466,14.5,6.0,CHF,14.5
ni0QqIQ25i0C765ZlhP4,vergani,2019-07-26 09:48:19.425,True,000024772,0.0,7215,0.0,1.0,CHF,0.0
ni0QqIQ25i0C765ZlhP4,vergani,2019-07-26 09:48:19.425,True,000024772,0.0,7353,26.0,3.0,CHF,26.0
ni0QqIQ25i0C765ZlhP4,vergani,2019-07-26 09:48:19.425,True,000024772,0.0,7184,19.0,6.0,CHF,19.0
Lk1GJxVAq3dvQis1wZGd,vergani,2019-07-26 14:49:05.091,False,000024779,0.0,6264,13.0,100.0,CHF,13.0
Lk1GJxVAq3dvQis1wZGd,vergani,2019-07-26 14:49:05.091,False,000024779,0.0,6506,18.5,101.0,CHF,18.5
H2ZSq868T55ihBsCqqbm,vergani,2019-07-26 20:52:03.907,True,000024781,0.0,4573,120.0,1.0,CHF,120.0
83kAmuvS9z8CkfV2PMkF,vergani,2019-07-27 09:47:03.404,False,000024784,0.0,6390,8.8,12.0,CHF,8.8
3HOzD1IuL4SpRJS3fVXy,vergani,2019-07-27 17:07:33.648,True,000024785,0.0,6739,8.8,18.0,CHF,8.8
tNhXywaBFTWItoUBXp4T,vergani,2019-07-28 10:03:01.798,False,000024787,0.0,7178,18.4,12.0,CHF,18.4
e7OWTvz7Jfk9QCDeKvLO,vergani,2019-07-29 05:35:37.942,True,000024791,0.0,6964,18.0,5.0,CHF,18.0
4isHJ403yOnkXqiGPAtW,vergani,2019-07-29 17:23:01.939,True,000024794,0.0,6466,14.5,12.0,CHF,14.5
iPZX5eTGU3QC04LIaOqu,vergani,2019-07-30 14:46:43.426,True,000024797,15.0,7219,15.0,4.0,CHF,15.0
axlXGOoTOwS2ThMeBfZT,vergani,2019-07-30 19:11:54.340,False,000024801,0.0,7168,18.3,2.0,CHF,13.3
axlXGOoTOwS2ThMeBfZT,vergani,2019-07-30 19:11:54.340,False,000024801,0.0,7293,18.3,2.0,CHF,18.3
axlXGOoTOwS2ThMeBfZT,vergani,2019-07-30 19:11:54.340,False,000024801,0.0,7306,15.9,1.0,CHF,15.9
3NL00SKkbaOiPz6fhMrD,vergani,2019-07-31 09:39:15.212,True,000024802,0.0,7191,22.4,1.0,CHF,22.4
4Nod9tzbuDDF8LyvJxJT,vergani,2019-07-31 12:32:22.331,True,000024804,15.0,18,90.0,1.0,CHF,90.0
I22hSDenVP0K6cxkSKzS,vergani,2019-07-31 21:05:17.201,True,000024806,0.0,6954,21.5,2.0,CHF,21.5
I22hSDenVP0K6cxkSKzS,vergani,2019-07-31 21:05:17.201,True,000024806,0.0,7312,18.5,2.0,CHF,18.5
I22hSDenVP0K6cxkSKzS,vergani,2019-07-31 21:05:17.201,True,000024806,0.0,6972,19.0,2.0,CHF,19.0
kcwU0XHWANiwzfWZD9U2,vergani,2019-08-01 11:45:22.621,True,000024808,0.0,6336,48.0,1.0,CHF,48.0
kcwU0XHWANiwzfWZD9U2,vergani,2019-08-01 11:45:22.621,True,000024808,0.0,6363,43.0,1.0,CHF,43.0
kcwU0XHWANiwzfWZD9U2,vergani,2019-08-01 11:45:22.621,True,000024808,0.0,6406,60.0,1.0,CHF,60.0
kcwU0XHWANiwzfWZD9U2,vergani,2019-08-01 11:45:22.621,True,000024808,0.0,6683,16.4,3.0,CHF,16.4
kcwU0XHWANiwzfWZD9U2,vergani,2019-08-01 11:45:22.621,True,000024808,0.0,6924,19.9,3.0,CHF,19.9
kcwU0XHWANiwzfWZD9U2,vergani,2019-08-01 11:45:22.621,True,000024808,0.0,6589,19.8,3.0,CHF,19.8
kcwU0XHWANiwzfWZD9U2,vergani,2019-08-01 11:45:22.621,True,000024808,0.0,6770,36.0,3.0,CHF,36.0
kcwU0XHWANiwzfWZD9U2,vergani,2019-08-01 11:45:22.621,True,000024808,0.0,7184,19.0,3.0,CHF,19.0
kcwU0XHWANiwzfWZD9U2,vergani,2019-08-01 11:45:22.621,True,000024808,0.0,7199,24.7,3.0,CHF,24.7
kcwU0XHWANiwzfWZD9U2,vergani,2019-08-01 11:45:22.621,True,000024808,0.0,7023,18.0,3.0,CHF,18.0
gZ4nQE8c1DOJbHHWSOsr,vergani,2019-08-01 15:31:20.698,True,000024811,0.0,6411,86.0,2.0,CHF,86.0
hcTJOxIJDsNI0cFiUO6a,vergani,2019-08-02 00:13:43.805,True,000024814,0.0,7020,67.0,1.0,CHF,67.0
hcTJOxIJDsNI0cFiUO6a,vergani,2019-08-02 00:13:43.805,True,000024814,0.0,7224,64.5,1.0,CHF,64.5
sgJUMns2b6vS1q9t2Zh2,vergani,2019-08-02 10:51:50.317,True,000024817,0.0,7172,110.0,1.0,CHF,110.0
kk1MafZ0VCo1ctqMHRGB,vergani,2019-08-02 10:55:44.406,True,000024818,0.0,7303,47.0,3.0,CHF,47.0
kk1MafZ0VCo1ctqMHRGB,vergani,2019-08-02 10:55:44.406,True,000024818,0.0,6709,23.0,2.0,CHF,23.0
kk1MafZ0VCo1ctqMHRGB,vergani,2019-08-02 10:55:44.406,True,000024818,0.0,7173,30.0,6.0,CHF,30.0
kAHh9k9pru0qM7bebMI0,vergani,2019-08-03 04:55:40.507,False,000024823,0.0,6958,45.0,1.0,CHF,45.0
kAHh9k9pru0qM7bebMI0,vergani,2019-08-03 04:55:40.507,False,000024823,0.0,7120,29.0,1.0,CHF,29.0
kAHh9k9pru0qM7bebMI0,vergani,2019-08-03 04:55:40.507,False,000024823,0.0,7138,44.0,2.0,CHF,44.0
kAHh9k9pru0qM7bebMI0,vergani,2019-08-03 04:55:40.507,False,000024823,0.0,7347,50.5,2.0,CHF,50.5
Svr8kMuA31TKsgD0eN9g,vergani,2019-08-03 09:15:09.880,False,000024825,0.0,6824,39.4,6.0,CHF,39.4
vAAnprdoN13MzTgCLS3Q,vergani,2019-08-03 16:56:04.583,True,000024827,0.0,7190,23.8,6.0,CHF,23.8
vAAnprdoN13MzTgCLS3Q,vergani,2019-08-03 16:56:04.583,True,000024827,0.0,7147,35.0,12.0,CHF,35.0
92wh4CdaUpP8o7qwzEcK,vergani,2019-08-04 09:38:37.145,True,000024829,15.0,7350,19.0,2.0,CHF,19.0
BboHgTl48lSLoo4T1TTz,vergani,2019-08-04 14:37:54.147,True,000024830,0.0,7050,32.0,6.0,CHF,32.0
eq9XdJ6JgkqKb8G3aZEg,vergani,2019-08-05 05:15:39.648,True,000024836,0.0,27,120.0,1.0,CHF,120.0
b3ehQvFRyVy0QGk7hrzA,vergani,2019-08-05 09:18:12.112,False,000024838,0.0,4570,4.0,1.0,CHF,4.0
b3ehQvFRyVy0QGk7hrzA,vergani,2019-08-05 09:18:12.112,False,000024838,0.0,6801,59.5,2.0,CHF,59.5
axBvg5cyOghRfsD5Tutf,vergani,2019-08-05 11:34:38.275,True,000024840,0.0,6581,124.5,1.0,CHF,124.5
E11apfmkZrPXC1FcvDK7,vergani,2019-08-05 16:52:09.354,False,000024842,0.0,6541,22.4,2.0,CHF,22.4
E11apfmkZrPXC1FcvDK7,vergani,2019-08-05 16:52:09.354,False,000024842,0.0,6745,20.0,4.0,CHF,20.0
E11apfmkZrPXC1FcvDK7,vergani,2019-08-05 16:52:09.354,False,000024842,0.0,7288,15.9,2.0,CHF,15.9
hMTJWaRRkqcbk43EkPL0,vergani,2019-08-05 19:06:56.141,True,000024844,0.0,6913,64.0,1.0,CHF,64.0
hMTJWaRRkqcbk43EkPL0,vergani,2019-08-05 19:06:56.141,True,000024844,0.0,6300,38.0,1.0,CHF,38.0
5EBJmHLcOK3rqhxLeGPt,vergani,2019-08-06 19:27:55.609,False,000024848,0.0,6737,118.0,1.0,CHF,118.0
ZAlXOFcQ4ctJmAMalsAg,vergani,2019-08-06 19:48:36.404,True,000024850,0.0,6419,87.0,2.0,CHF,87.0
hOU7Xg9evVgq6FRVXib3,vergani,2019-08-06 20:38:40.309,True,000024852,0.0,6263,17.5,3.0,CHF,17.5
hOU7Xg9evVgq6FRVXib3,vergani,2019-08-06 20:38:40.309,True,000024852,0.0,6914,14.0,1.0,CHF,14.0
hOU7Xg9evVgq6FRVXib3,vergani,2019-08-06 20:38:40.309,True,000024852,0.0,6915,45.0,1.0,CHF,45.0
8XnHd4yBx5VQL4Bi4Flf,vergani,2019-08-07 08:52:52.303,True,000024854,0.0,6862,28.0,6.0,CHF,28.0
7KtQMZrZND8q4kO77xft,vergani,2019-08-07 11:29:59.036,True,000024856,0.0,7273,382.0,1.0,CHF,382.0
XiwRsGyz9nlF96WG6wm8,vergani,2019-08-07 21:22:59.919,True,000024860,0.0,7350,19.0,1.0,CHF,19.0
XiwRsGyz9nlF96WG6wm8,vergani,2019-08-07 21:22:59.919,True,000024860,0.0,6366,19.0,1.0,CHF,19.0
XiwRsGyz9nlF96WG6wm8,vergani,2019-08-07 21:22:59.919,True,000024860,0.0,6386,10.0,1.0,CHF,10.0
XiwRsGyz9nlF96WG6wm8,vergani,2019-08-07 21:22:59.919,True,000024860,0.0,7207,15.0,1.0,CHF,15.0
XiwRsGyz9nlF96WG6wm8,vergani,2019-08-07 21:22:59.919,True,000024860,0.0,6745,20.0,1.0,CHF,20.0
BveHqh1lNfLeyD7ef7DZ,vergani,2019-08-08 06:29:05.450,True,000024862,0.0,6858,49.0,3.0,CHF,49.0
BveHqh1lNfLeyD7ef7DZ,vergani,2019-08-08 06:29:05.450,True,000024862,0.0,7335,30.6,3.0,CHF,30.6
BveHqh1lNfLeyD7ef7DZ,vergani,2019-08-08 06:29:05.450,True,000024862,0.0,7093,14.5,3.0,CHF,14.5
1dpL6mP8cPwUNxVB0nJv,vergani,2019-08-08 10:19:10.197,True,000024864,0.0,7324,127.0,1.0,CHF,127.0
8npTZHp12bN4zCbQLeTB,vergani,2019-08-08 13:30:03.456,False,000024867,0.0,6441,59.0,1.0,CHF,59.0
8npTZHp12bN4zCbQLeTB,vergani,2019-08-08 13:30:03.456,False,000024867,0.0,6275,47.5,1.0,CHF,47.5
8npTZHp12bN4zCbQLeTB,vergani,2019-08-08 13:30:03.456,False,000024867,0.0,7014,126.0,1.0,CHF,126.0
ym0z1AN9NGO4pKOlBwGA,vergani,2019-08-08 14:11:34.381,True,000024868,0.0,6262,168.0,1.0,CHF,168.0
1E5txEbNf6NAUWOkQGzu,vergani,2019-08-08 17:08:45.766,True,000024871,15.0,6282,42.0,1.0,CHF,42.0
J0RW36XoFfSly7TUx0RP,vergani,2019-08-08 18:54:58.321,True,000024874,0.0,6382,40.0,1.0,CHF,40.0
J0RW36XoFfSly7TUx0RP,vergani,2019-08-08 18:54:58.321,True,000024874,0.0,6367,69.5,2.0,CHF,69.5
J0RW36XoFfSly7TUx0RP,vergani,2019-08-08 18:54:58.321,True,000024874,0.0,6398,70.0,1.0,CHF,70.0
J0RW36XoFfSly7TUx0RP,vergani,2019-08-08 18:54:58.321,True,000024874,0.0,6410,86.0,1.0,CHF,86.0
J0RW36XoFfSly7TUx0RP,vergani,2019-08-08 18:54:58.321,True,000024874,0.0,6385,114.0,1.0,CHF,114.0
Puxzms2AF8t1ZbTN5ttM,vergani,2019-08-08 19:49:45.885,False,000024876,0.0,7339,46.5,24.0,CHF,46.5
9Fu4a0X10P4TnM89AZ7K,vergani,2019-08-08 20:11:56.554,True,000024880,0.0,6335,19.8,6.0,CHF,19.8
IzSzGnrcb4GXNM8uCHPv,vergani,2019-08-09 05:29:18.754,False,000024882,0.0,6812,17.4,3.0,CHF,17.4
IzSzGnrcb4GXNM8uCHPv,vergani,2019-08-09 05:29:18.754,False,000024882,0.0,7177,18.8,3.0,CHF,18.8
0v8R5im0O52DXAT4nHZ8,vergani,2019-08-09 09:25:21.402,True,000024884,0.0,6466,14.5,24.0,CHF,14.5
0v8R5im0O52DXAT4nHZ8,vergani,2019-08-09 09:25:21.402,True,000024884,0.0,6412,13.0,24.0,CHF,13.0
0v8R5im0O52DXAT4nHZ8,vergani,2019-08-09 09:25:21.402,True,000024884,0.0,6467,33.5,3.0,CHF,33.5
6ytKFCPGoTAFfORxOSHC,vergani,2019-08-09 12:43:35.773,False,000024887,0.0,6262,168.0,2.0,CHF,168.0
0V57b4tmucywc1KVEsPu,vergani,2019-08-09 13:51:44.488,False,000024889,0.0,6262,168.0,2.0,CHF,168.0
xIMU2l2hXi2gUKy4CG9u,vergani,2019-08-10 10:34:55.618,True,000024891,0.0,7175,36.8,13.0,CHF,36.8
udJdWCL7a8VyrBmOWy1K,vergani,2019-08-10 15:53:32.319,True,000024893,0.0,7071,21.3,6.0,CHF,21.3
fbGuieNekwTDbPUDQB7h,vergani,2019-08-10 17:29:59.402,False,000024895,0.0,7093,14.5,24.0,CHF,14.5
T19HccAm34OwW6SnTDW2,vergani,2019-08-11 05:25:56.615,True,000024897,0.0,6507,41.5,1.0,CHF,41.5
WKSP1g3ze0z4ONJCRSSG,vergani,2019-08-11 09:07:25.478,False,000024900,0.0,7071,21.3,12.0,CHF,21.3
GT0u9QhTQ4HUlWxZ5QNV,vergani,2019-08-11 12:32:00.835,True,000024902,0.0,7191,22.4,6.0,CHF,22.4
hs8cHk6ysGG1xiiNLEqw,vergani,2019-08-11 16:12:03.801,False,000024904,0.0,6793,11.3,18.0,CHF,13.3
hs8cHk6ysGG1xiiNLEqw,vergani,2019-08-11 16:12:03.801,False,000024904,0.0,7322,11.4,12.0,CHF,13.4
CA3wmhTEb9FWarPvWF4R,vergani,2019-08-11 19:47:26.142,True,000024906,0.0,6309,113.0,1.0,CHF,113.0
8bSV1zqQv0brHGDGBlGr,vergani,2019-06-11 17:23:34.075,False,000024458,0.0,7177,18.8,6.0,CHF,18.8
Kz6QXGlkUOVbkgP9qP7K,vergani,2019-06-12 06:36:45.509,True,000024463,0.0,6261,70.0,1.0,CHF,70.0
oB8qLi26aQgiz9Tb1bF4,vergani,2019-06-12 09:32:35.639,True,000024467,0.0,7008,31.5,12.0,CHF,28.0
4GiIEBU6C75Lz47FDpUG,vergani,2019-06-12 11:31:05.204,False,000024469,0.0,7278,18.5,6.0,CHF,18.5
4GiIEBU6C75Lz47FDpUG,vergani,2019-06-12 11:31:05.204,False,000024469,0.0,7166,21.0,3.0,CHF,21.0
4GiIEBU6C75Lz47FDpUG,vergani,2019-06-12 11:31:05.204,False,000024469,0.0,7045,18.8,3.0,CHF,18.8
4GiIEBU6C75Lz47FDpUG,vergani,2019-06-12 11:31:05.204,False,000024469,0.0,7093,14.5,12.0,CHF,14.5
VIyt7yZTEsrX9h1sGRlD,vergani,2019-06-13 12:23:29.930,True,000024475,0.0,7197,19.0,6.0,CHF,19.0
uM3ga08SIKBRuz7gy08F,vergani,2019-06-13 14:21:24.119,True,000024478,0.0,7213,9.0,12.0,CHF,9.0
ATuidSaBxLP1LXCEZAAr,vergani,2019-06-13 15:14:25.474,False,000024480,0.0,6838,20.0,12.0,CHF,20.0
Nig2tkTTe11pL6A2Uffm,vergani,2019-06-14 08:37:38.433,True,000024483,0.0,7187,24.9,6.0,CHF,28.0
R1Xd2xnOZtJw17h46MKg,vergani,2019-06-14 11:19:54.678,True,000024485,0.0,7005,37.0,12.0,CHF,37.0
R1Xd2xnOZtJw17h46MKg,vergani,2019-06-14 11:19:54.678,True,000024485,0.0,6680,105.0,3.0,CHF,105.0
R1Xd2xnOZtJw17h46MKg,vergani,2019-06-14 11:19:54.678,True,000024485,0.0,7095,52.0,6.0,CHF,52.0
lB6PBcqHR5VN25oDxVOT,vergani,2019-06-15 13:25:13.708,False,000024487,0.0,6333,30.0,6.0,CHF,30.0
825Tss1yZTCxXit2CiHG,vergani,2019-06-16 20:14:29.039,True,000024496,0.0,6314,81.0,4.0,CHF,81.0
7Wv774GCgNEabwfe984f,vergani,2019-06-17 06:20:47.392,True,000024498,0.0,7260,11.3,3.0,CHF,11.3
7Wv774GCgNEabwfe984f,vergani,2019-06-17 06:20:47.392,True,000024498,0.0,6821,14.8,6.0,CHF,14.8
lUxVlyXtuCT9fKQDVW5b,vergani,2019-06-18 10:41:14.436,True,000024510,0.0,6923,12.5,12.0,CHF,12.5
tKvoTQ5PMPxPr9is7T85,vergani,2019-06-18 17:16:39.930,True,000024515,0.0,7184,19.0,1.0,CHF,19.0
tKvoTQ5PMPxPr9is7T85,vergani,2019-06-18 17:16:39.930,True,000024515,0.0,7262,11.5,1.0,CHF,11.5
iuIGuK6752aiJn46xic9,vergani,2019-06-18 18:46:43.591,True,000024518,15.0,6506,18.5,2.0,CHF,18.5
Zy88gHvCu6QhinmdkGMc,vergani,2019-06-19 06:41:34.502,True,000024520,0.0,7102,151.0,1.0,CHF,151.0
vNf4x3GRqUcaJNgwZb9o,vergani,2019-06-19 16:17:16.663,False,000024524,0.0,7092,17.0,12.0,CHF,17.0
Ns1ZaSmherQ0GG8rskCI,vergani,2019-06-19 19:15:04.560,True,000024526,15.0,7234,16.4,6.0,CHF,16.4
shPDUpuPGCsG89RKaloD,vergani,2019-06-20 08:08:07.703,True,000024528,0.0,6415,25.9,1.0,CHF,25.9
shPDUpuPGCsG89RKaloD,vergani,2019-06-20 08:08:07.703,True,000024528,0.0,7137,15.0,2.0,CHF,15.0
shPDUpuPGCsG89RKaloD,vergani,2019-06-20 08:08:07.703,True,000024528,0.0,7303,47.0,1.0,CHF,47.0
nxivsGZvrfwpB3lG7gOn,vergani,2019-06-20 11:10:49.833,True,000024530,0.0,7005,37.0,6.0,CHF,37.0
bB5cPLskQCI00a8BqToP,vergani,2019-06-21 04:59:09.978,False,000024532,0.0,7093,14.5,12.0,CHF,14.5
s4k0C9Jc5qCy2B5Sh3XG,vergani,2019-06-21 14:36:02.606,True,000024534,0.0,7071,21.3,4.0,CHF,21.3
s4k0C9Jc5qCy2B5Sh3XG,vergani,2019-06-21 14:36:02.606,True,000024534,0.0,7229,21.0,2.0,CHF,21.0
s4k0C9Jc5qCy2B5Sh3XG,vergani,2019-06-21 14:36:02.606,True,000024534,0.0,7285,14.0,1.0,CHF,14.0
s4k0C9Jc5qCy2B5Sh3XG,vergani,2019-06-21 14:36:02.606,True,000024534,0.0,7250,14.2,1.0,CHF,14.2
s4k0C9Jc5qCy2B5Sh3XG,vergani,2019-06-21 14:36:02.606,True,000024534,0.0,7253,21.5,1.0,CHF,21.5
DUTiWzlzU6mqCaeUxgwa,vergani,2019-06-22 09:38:20.068,True,000024536,15.0,6507,41.5,1.0,CHF,41.5
yxDfpOZqXcgWqb9QkvP8,vergani,2019-06-22 10:04:44.152,True,000024539,0.0,7158,13.8,12.0,CHF,13.8
i13gu2XDozcs8rK7SXMI,vergani,2019-06-22 11:50:15.971,True,000024541,0.0,6758,44.6,6.0,CHF,44.6
pKwTpCtcVvzXnfT8WPHs,vergani,2019-06-22 14:23:48.899,False,000024544,0.0,7147,35.0,12.0,CHF,35.0
pKwTpCtcVvzXnfT8WPHs,vergani,2019-06-22 14:23:48.899,False,000024544,0.0,7201,80.0,1.0,CHF,80.0
pTVkKq3NTZK7D8iz3z6F,vergani,2019-06-23 15:50:20.443,True,000024546,0.0,6279,47.0,3.0,CHF,47.0
V9u2wm8muSkXeApAKNQ0,vergani,2019-06-23 17:27:32.492,True,000024548,0.0,7094,16.8,3.0,CHF,16.8
V9u2wm8muSkXeApAKNQ0,vergani,2019-06-23 17:27:32.492,True,000024548,0.0,6466,14.5,4.0,CHF,14.5
qPT7FAotGItfr6qUoxVA,vergani,2019-06-23 19:51:34.747,True,000024550,0.0,5,150.0,1.0,CHF,150.0
qPT7FAotGItfr6qUoxVA,vergani,2019-06-23 19:51:34.747,True,000024550,0.0,6442,105.0,4.0,CHF,105.0
aI0fGPKWVIxJHn1kR87b,vergani,2019-06-24 07:51:04.427,False,000024554,0.0,7101,57.0,1.0,CHF,57.0
aI0fGPKWVIxJHn1kR87b,vergani,2019-06-24 07:51:04.427,False,000024554,0.0,7095,52.0,3.0,CHF,52.0
aI0fGPKWVIxJHn1kR87b,vergani,2019-06-24 07:51:04.427,False,000024554,0.0,6743,55.5,6.0,CHF,55.5
gKtOPdS8TnGToa8KL6mQ,vergani,2019-06-24 13:24:13.217,True,000024558,0.0,6780,12.9,12.0,CHF,12.9
QU4IX2hc3rX4idyAsMDV,vergani,2019-06-25 18:38:11.463,True,000024563,0.0,6506,18.5,6.0,CHF,18.5
1iMUAyMZFIpxF29gvpkW,vergani,2019-06-26 10:42:05.812,False,000024564,0.0,6552,15.0,6.0,CHF,15.0
1iMUAyMZFIpxF29gvpkW,vergani,2019-06-26 10:42:05.812,False,000024564,0.0,7158,13.8,6.0,CHF,13.8
1iMUAyMZFIpxF29gvpkW,vergani,2019-06-26 10:42:05.812,False,000024564,0.0,6336,48.0,1.0,CHF,48.0
1iMUAyMZFIpxF29gvpkW,vergani,2019-06-26 10:42:05.812,False,000024564,0.0,6273,59.0,1.0,CHF,59.0
1iMUAyMZFIpxF29gvpkW,vergani,2019-06-26 10:42:05.812,False,000024564,0.0,6274,62.0,1.0,CHF,62.0
1iMUAyMZFIpxF29gvpkW,vergani,2019-06-26 10:42:05.812,False,000024564,0.0,6275,47.5,1.0,CHF,47.5
2xQ4GKqTDkpW0X3vts8c,vergani,2019-06-27 08:32:55.167,True,000024566,0.0,6946,26.0,6.0,CHF,26.0
kbV2tVCTTTgbAD1CT9m6,vergani,2019-06-27 14:53:44.343,True,000024569,0.0,6466,14.5,6.0,CHF,14.5
kbV2tVCTTTgbAD1CT9m6,vergani,2019-06-27 14:53:44.343,True,000024569,0.0,7093,14.5,6.0,CHF,14.5
5T2h8dW1W0JnHu6UoQZb,vergani,2019-06-27 20:14:47.150,True,000024571,0.0,6374,13.0,9.0,CHF,13.0
BAtz9HuQkJ91dI0yk7bO,vergani,2019-06-28 16:13:00.348,True,000024574,0.0,6683,16.4,12.0,CHF,16.4
7rk9NSGUHHbhK0eQuVve,vergani,2019-06-29 10:07:21.936,True,000024576,0.0,6405,37.0,3.0,CHF,37.0
xs2x5MwaHwSNVd6ffefg,vergani,2019-06-29 13:29:06.685,False,000024578,0.0,7190,23.8,6.0,CHF,23.8
xs2x5MwaHwSNVd6ffefg,vergani,2019-06-29 13:29:06.685,False,000024578,0.0,7147,35.0,6.0,CHF,35.0
hJis65hzvZzmigrCVCMN,vergani,2019-06-29 19:45:52.508,True,000024580,0.0,6570,380.0,1.0,CHF,380.0
Di3GSJqKxU5fxNOw9BqG,vergani,2019-06-30 11:26:05.739,True,000024582,0.0,7197,19.0,6.0,CHF,19.0
Di3GSJqKxU5fxNOw9BqG,vergani,2019-06-30 11:26:05.739,True,000024582,0.0,6756,43.0,2.0,CHF,43.0
TP6TTpdHPpwbfyedmDfX,vergani,2019-06-30 17:25:20.218,True,000024584,0.0,6337,205.0,1.0,CHF,205.0
TP6TTpdHPpwbfyedmDfX,vergani,2019-06-30 17:25:20.218,True,000024584,0.0,6288,71.0,1.0,CHF,71.0
TP6TTpdHPpwbfyedmDfX,vergani,2019-06-30 17:25:20.218,True,000024584,0.0,6286,71.0,1.0,CHF,71.0
TP6TTpdHPpwbfyedmDfX,vergani,2019-06-30 17:25:20.218,True,000024584,0.0,6405,37.0,1.0,CHF,37.0
TP6TTpdHPpwbfyedmDfX,vergani,2019-06-30 17:25:20.218,True,000024584,0.0,6312,251.0,1.0,CHF,251.0
TP6TTpdHPpwbfyedmDfX,vergani,2019-06-30 17:25:20.218,True,000024584,0.0,6356,179.0,1.0,CHF,179.0
TP6TTpdHPpwbfyedmDfX,vergani,2019-06-30 17:25:20.218,True,000024584,0.0,6322,43.0,1.0,CHF,43.0
TP6TTpdHPpwbfyedmDfX,vergani,2019-06-30 17:25:20.218,True,000024584,0.0,6271,42.0,1.0,CHF,42.0
TP6TTpdHPpwbfyedmDfX,vergani,2019-06-30 17:25:20.218,True,000024584,0.0,6544,37.0,1.0,CHF,37.0
TP6TTpdHPpwbfyedmDfX,vergani,2019-06-30 17:25:20.218,True,000024584,0.0,6274,62.0,1.0,CHF,62.0
TP6TTpdHPpwbfyedmDfX,vergani,2019-06-30 17:25:20.218,True,000024584,0.0,6342,41.5,1.0,CHF,41.5
TP6TTpdHPpwbfyedmDfX,vergani,2019-06-30 17:25:20.218,True,000024584,0.0,6441,59.0,1.0,CHF,59.0
TP6TTpdHPpwbfyedmDfX,vergani,2019-06-30 17:25:20.218,True,000024584,0.0,6275,47.5,1.0,CHF,47.5
TP6TTpdHPpwbfyedmDfX,vergani,2019-06-30 17:25:20.218,True,000024584,0.0,6361,41.5,1.0,CHF,41.5
TP6TTpdHPpwbfyedmDfX,vergani,2019-06-30 17:25:20.218,True,000024584,0.0,6404,36.0,1.0,CHF,36.0
TP6TTpdHPpwbfyedmDfX,vergani,2019-06-30 17:25:20.218,True,000024584,0.0,6318,70.0,1.0,CHF,70.0
B3ruRbrc3bzCDp0odlL2,vergani,2019-07-01 07:41:39.714,False,000024587,0.0,6466,14.5,7.0,CHF,14.5
luTunaFttQopik6ubBRq,vergani,2019-07-01 09:03:39.447,True,000024589,0.0,6918,33.0,30.0,CHF,33.0
MEosmZtAe5x4uWZw5GoG,vergani,2019-07-02 10:10:20.363,True,000024592,15.0,7287,18.5,1.0,CHF,18.5
TawWP5APqvDfyb8de6Bi,vergani,2019-07-02 10:23:28.714,False,000024594,0.0,7215,0.0,2.0,CHF,0.0
3GUHET8TKBAlZ6uPXzlX,vergani,2019-07-02 11:14:13.792,True,000024597,0.0,7288,13.5,3.0,CHF,15.9
3GUHET8TKBAlZ6uPXzlX,vergani,2019-07-02 11:14:13.792,True,000024597,0.0,7262,11.5,1.0,CHF,11.5
3GUHET8TKBAlZ6uPXzlX,vergani,2019-07-02 11:14:13.792,True,000024597,0.0,7331,36.0,1.0,CHF,42.6
3GUHET8TKBAlZ6uPXzlX,vergani,2019-07-02 11:14:13.792,True,000024597,0.0,6972,19.0,1.0,CHF,19.0
3GUHET8TKBAlZ6uPXzlX,vergani,2019-07-02 11:14:13.792,True,000024597,0.0,7206,19.5,1.0,CHF,19.5
aZTzzGmZntPIXFay5uqk,vergani,2019-07-02 13:22:09.698,False,000024601,0.0,6830,11.8,9.0,CHF,11.8
0xWXOrtm85C8dlr57e9J,vergani,2019-07-02 17:27:35.490,False,000024603,0.0,7288,13.5,6.0,CHF,15.9
0xWXOrtm85C8dlr57e9J,vergani,2019-07-02 17:27:35.490,False,000024603,0.0,7070,14.5,6.0,CHF,17.5
rSZiFbX36gtteRTMuZDz,vergani,2019-07-02 20:26:33.682,True,000024605,0.0,7184,19.0,6.0,CHF,19.0
mKBhz1PzgkcqMVaNL5zT,vergani,2019-07-03 07:17:24.596,True,000024607,0.0,7005,37.0,19.0,CHF,37.0
mKBhz1PzgkcqMVaNL5zT,vergani,2019-07-03 07:17:24.596,True,000024607,0.0,7095,52.0,2.0,CHF,52.0
mKBhz1PzgkcqMVaNL5zT,vergani,2019-07-03 07:17:24.596,True,000024607,0.0,6980,32.9,13.0,CHF,32.9
mKBhz1PzgkcqMVaNL5zT,vergani,2019-07-03 07:17:24.596,True,000024607,0.0,7217,49.9,13.0,CHF,49.9
436rU2tPdvRfVsJ6Sw92,vergani,2019-07-03 13:03:03.541,True,000024609,0.0,7288,13.5,6.0,CHF,13.5
2J74Kkm1Vt9OGiC3rCxT,vergani,2019-07-03 18:54:59.465,True,000024611,0.0,7188,19.0,3.0,CHF,19.0
2J74Kkm1Vt9OGiC3rCxT,vergani,2019-07-03 18:54:59.465,True,000024611,0.0,6862,28.0,2.0,CHF,28.0
Gbo5cAZrIC7UfaIelJ5L,vergani,2019-07-03 20:58:07.497,True,000024613,0.0,6314,81.0,1.0,CHF,81.0
Gbo5cAZrIC7UfaIelJ5L,vergani,2019-07-03 20:58:07.497,True,000024613,0.0,6433,18.0,3.0,CHF,18.0
Gbo5cAZrIC7UfaIelJ5L,vergani,2019-07-03 20:58:07.497,True,000024613,0.0,6340,38.0,4.0,CHF,38.0
r8ba8ucO4K4auZx2kbtl,vergani,2019-07-04 12:21:17.931,True,000024615,0.0,7306,15.9,3.0,CHF,15.9
r8ba8ucO4K4auZx2kbtl,vergani,2019-07-04 12:21:17.931,True,000024615,0.0,6946,26.0,3.0,CHF,26.0
HktyvvIT1LFO5fUZBtLw,vergani,2019-07-05 12:15:51.139,True,000024619,0.0,7138,44.0,12.0,CHF,28.0
dnpoVJHWUGaeTMXWXxiN,vergani,2019-07-06 12:05:43.011,True,000024622,0.0,6671,102.0,1.0,CHF,102.0
U2LQB7kZMimMRW28airQ,vergani,2019-07-06 13:11:33.966,False,000024624,0.0,7144,31.4,6.0,CHF,28.0
SmzxOMxWtmnHkZnzrF38,vergani,2019-07-06 15:01:54.290,True,000024626,0.0,6405,37.0,3.0,CHF,37.0
vxo6XA8ZTX5vCc4RWf4y,vergani,2019-07-07 00:16:28.672,True,000024628,0.0,6428,25.9,8.0,CHF,25.9
gbKGKfgRyEuTP5P5Gvwe,vergani,2019-07-07 13:16:00.064,True,000024632,0.0,4572,70.0,2.0,CHF,70.0
6ZL7EP2u0mPL9LFBKtw9,vergani,2019-07-07 15:33:00.790,False,000024634,0.0,7272,12.0,18.0,CHF,12.0
6ZL7EP2u0mPL9LFBKtw9,vergani,2019-07-07 15:33:00.790,False,000024634,0.0,6830,11.8,6.0,CHF,11.8
N4uaNWIWI6Z95ln1NsEw,vergani,2019-07-07 19:31:47.062,False,000024638,0.0,6331,128.0,2.0,CHF,128.0
9AOKiHiVOOc6G9Tum5yx,vergani,2019-07-08 08:16:05.854,True,000024641,15.0,6335,19.8,2.0,CHF,19.8
92wKTWVZPXPLdFnwAc2Q,vergani,2019-07-08 13:47:15.989,False,000024643,0.0,7331,42.6,3.0,CHF,42.6
92wKTWVZPXPLdFnwAc2Q,vergani,2019-07-08 13:47:15.989,False,000024643,0.0,7191,22.4,12.0,CHF,22.4
WFTz9FOMoFx3lgFzxWJg,vergani,2019-07-08 15:45:27.540,True,000024645,0.0,6381,40.0,1.0,CHF,40.0
WFTz9FOMoFx3lgFzxWJg,vergani,2019-07-08 15:45:27.540,True,000024645,0.0,6382,40.0,1.0,CHF,40.0
WFTz9FOMoFx3lgFzxWJg,vergani,2019-07-08 15:45:27.540,True,000024645,0.0,6301,40.5,1.0,CHF,40.5
WFTz9FOMoFx3lgFzxWJg,vergani,2019-07-08 15:45:27.540,True,000024645,0.0,6380,40.0,1.0,CHF,40.0
DEMunC20vHBQw5e0wWqL,vergani,2019-07-08 20:28:46.948,True,000024648,0.0,7262,11.5,2.0,CHF,11.5
DEMunC20vHBQw5e0wWqL,vergani,2019-07-08 20:28:46.948,True,000024648,0.0,7288,13.5,4.0,CHF,13.5
DEMunC20vHBQw5e0wWqL,vergani,2019-07-08 20:28:46.948,True,000024648,0.0,6997,25.5,2.0,CHF,25.5
DEMunC20vHBQw5e0wWqL,vergani,2019-07-08 20:28:46.948,True,000024648,0.0,6489,27.0,2.0,CHF,27.0
DEMunC20vHBQw5e0wWqL,vergani,2019-07-08 20:28:46.948,True,000024648,0.0,6300,38.0,6.0,CHF,38.0
MdZEvUamkBRLXKRl4zTC,vergani,2019-07-09 09:18:28.210,True,000024650,0.0,6393,199.0,1.0,CHF,199.0
MdZEvUamkBRLXKRl4zTC,vergani,2019-07-09 09:18:28.210,True,000024650,0.0,6304,255.0,1.0,CHF,255.0
ixagHIpTcgdCH9m76JMe,vergani,2019-07-09 20:46:54.963,False,000024652,15.0,6262,210.0,1.0,CHF,210.0
ILaWGZmtrz4I9i9woewW,vergani,2019-07-10 21:38:46.953,True,000024654,15.0,6428,25.9,1.0,CHF,25.9
5vc1ZALtwICsGaUk06JN,vergani,2019-07-11 12:22:20.571,True,000024657,0.0,6314,81.0,2.0,CHF,81.0
Lx7BRWpvGamkKdmq20zX,vergani,2019-07-11 13:43:31.009,False,000024659,0.0,7137,15.0,6.0,CHF,15.0
Lx7BRWpvGamkKdmq20zX,vergani,2019-07-11 13:43:31.009,False,000024659,0.0,7166,21.0,6.0,CHF,21.0
Lx7BRWpvGamkKdmq20zX,vergani,2019-07-11 13:43:31.009,False,000024659,0.0,7093,14.5,12.0,CHF,14.5
TRTTx7THlvGvPAA1xTuJ,vergani,2019-07-11 15:27:35.233,False,000024662,15.0,6262,210.0,1.0,CHF,210.0
ZHUiNqAWc5RyvUd2tT8R,vergani,2019-07-11 19:22:05.962,True,000024664,15.0,7074,15.0,1.0,CHF,15.0
ZHUiNqAWc5RyvUd2tT8R,vergani,2019-07-11 19:22:05.962,True,000024664,15.0,6836,18.5,1.0,CHF,18.5
54xvqwuqz4LX2QCOyzk2,vergani,2019-07-12 07:35:21.481,True,000024669,0.0,6262,210.0,1.0,CHF,210.0
BveHqh1lNfLeyD7ef7DZ,vergani,2019-07-12 08:27:26.516,True,000024672,0.0,6859,26.8,4.0,CHF,26.8
ShpIQnunE9wiqHdc8IlQ,vergani,2019-07-12 15:21:24.116,True,000024675,0.0,7005,37.0,6.0,CHF,37.0
ShpIQnunE9wiqHdc8IlQ,vergani,2019-07-12 15:21:24.116,True,000024675,0.0,7110,92.0,3.0,CHF,92.0
XzPKEurfOyRRQDc1dEfT,vergani,2019-07-12 16:31:40.835,False,000024678,0.0,6975,23.4,6.0,CHF,23.4
axtMJVDWKHKo1TQnks8v,vergani,2019-07-12 17:30:25.588,False,000024683,0.0,7234,16.4,6.0,CHF,16.4
axtMJVDWKHKo1TQnks8v,vergani,2019-07-12 17:30:25.588,False,000024683,0.0,6552,15.0,6.0,CHF,15.0
axtMJVDWKHKo1TQnks8v,vergani,2019-07-12 17:30:25.588,False,000024683,0.0,7285,14.0,6.0,CHF,14.0
axtMJVDWKHKo1TQnks8v,vergani,2019-07-12 17:30:25.588,False,000024683,0.0,7260,15.9,6.0,CHF,15.9
axtMJVDWKHKo1TQnks8v,vergani,2019-07-12 17:30:25.588,False,000024683,0.0,7097,21.0,6.0,CHF,21.0
axtMJVDWKHKo1TQnks8v,vergani,2019-07-12 17:30:25.588,False,000024683,0.0,7306,15.9,6.0,CHF,15.9
axtMJVDWKHKo1TQnks8v,vergani,2019-07-12 17:30:25.588,False,000024683,0.0,6637,23.4,6.0,CHF,23.4
axtMJVDWKHKo1TQnks8v,vergani,2019-07-12 17:30:25.588,False,000024683,0.0,7178,18.4,6.0,CHF,18.4
axtMJVDWKHKo1TQnks8v,vergani,2019-07-12 17:30:25.588,False,000024683,0.0,6541,22.4,6.0,CHF,22.4
axtMJVDWKHKo1TQnks8v,vergani,2019-07-12 17:30:25.588,False,000024683,0.0,7093,14.5,6.0,CHF,14.5
w90qaKNvvEnkvdo6fNB2,vergani,2019-07-13 06:01:34.934,False,000024685,0.0,7070,14.5,6.0,CHF,14.5
w90qaKNvvEnkvdo6fNB2,vergani,2019-07-13 06:01:34.934,False,000024685,0.0,6742,15.0,6.0,CHF,15.0
I22hSDenVP0K6cxkSKzS,vergani,2019-07-13 14:02:02.290,True,000024689,0.0,6954,21.5,1.0,CHF,21.5
I22hSDenVP0K6cxkSKzS,vergani,2019-07-13 14:02:02.290,True,000024689,0.0,7329,21.0,2.0,CHF,21.0
I22hSDenVP0K6cxkSKzS,vergani,2019-07-13 14:02:02.290,True,000024689,0.0,7151,17.0,2.0,CHF,17.0
I22hSDenVP0K6cxkSKzS,vergani,2019-07-13 14:02:02.290,True,000024689,0.0,6888,21.0,1.0,CHF,21.0
cNOMd6h1refuzQBoEzTG,vergani,2019-07-13 20:04:36.053,True,000024692,0.0,6405,37.0,2.0,CHF,37.0
cNOMd6h1refuzQBoEzTG,vergani,2019-07-13 20:04:36.053,True,000024692,0.0,6409,77.0,1.0,CHF,77.0
gRlfoniwS2WNWpZUnZUa,vergani,2019-07-13 23:55:22.943,False,000024694,0.0,6370,19.0,2.0,CHF,19.0
gRlfoniwS2WNWpZUnZUa,vergani,2019-07-13 23:55:22.943,False,000024694,0.0,6334,19.0,2.0,CHF,19.0
gRlfoniwS2WNWpZUnZUa,vergani,2019-07-13 23:55:22.943,False,000024694,0.0,6325,90.0,2.0,CHF,90.0
gRlfoniwS2WNWpZUnZUa,vergani,2019-07-13 23:55:22.943,False,000024694,0.0,6324,103.0,1.0,CHF,103.0
47bwKsLKgh4fOtQTdM68,vergani,2019-07-14 12:25:42.678,True,000024696,0.0,6466,14.5,12.0,CHF,14.5
TpHrRmAmcUTcLVsGtCpc,vergani,2019-07-14 15:21:42.057,False,000024698,0.0,6348,25.9,12.0,CHF,25.9
TpHrRmAmcUTcLVsGtCpc,vergani,2019-07-14 15:21:42.057,False,000024698,0.0,7093,14.5,12.0,CHF,14.5
ovop2mgTpBcnaf7huKaT,vergani,2019-07-14 18:48:19.334,False,000024700,0.0,7191,22.4,6.0,CHF,22.4
ovop2mgTpBcnaf7huKaT,vergani,2019-07-14 18:48:19.334,False,000024700,0.0,6466,14.5,12.0,CHF,14.5
etcEagxPL7yMnMKLKGVR,vergani,2019-07-15 12:16:38.199,True,000024702,0.0,18,150.0,1.0,CHF,150.0
VUowoyy8BJ0eQbUTQ9cX,vergani,2019-07-15 14:31:02.180,True,000024704,0.0,6314,81.0,7.0,CHF,81.0
mbgCzPFN3lTi1Pd4Aulk,vergani,2019-07-16 13:54:57.168,True,000024708,0.0,6459,184.0,1.0,CHF,184.0
1MqaTiZaFyKg188bH7WZ,vergani,2019-07-17 06:59:33.405,False,000024710,0.0,6309,113.0,2.0,CHF,113.0
1MqaTiZaFyKg188bH7WZ,vergani,2019-07-17 06:59:33.405,False,000024710,0.0,6333,30.0,2.0,CHF,30.0
1MqaTiZaFyKg188bH7WZ,vergani,2019-07-17 06:59:33.405,False,000024710,0.0,7219,15.0,30.0,CHF,15.0
i7ZvyQT1TwQvB0xA87JH,vergani,2019-07-17 15:53:10.309,True,000024712,0.0,6673,443.0,1.0,CHF,443.0
heZdTo7QOmklKORvuEin,vergani,2019-07-18 06:47:33.077,False,000024713,0.0,7108,41.4,2.0,CHF,41.4
heZdTo7QOmklKORvuEin,vergani,2019-07-18 06:47:33.077,False,000024713,0.0,7144,31.4,10.0,CHF,31.4
ORO4FmlHbrPKtieJw0zr,vergani,2019-07-18 09:07:46.264,True,000022615,0.0,6466,14.5,1.0,CHF,14.5
ORO4FmlHbrPKtieJw0zr,vergani,2019-07-18 09:19:31.042,True,000022616,0.0,6466,14.5,1.0,CHF,14.5
cNumyT862VJoxstvnIOb,vergani,2019-07-18 13:01:11.076,True,000022634,0.0,6466,14.5,1.0,CHF,14.5
cNumyT862VJoxstvnIOb,vergani,2019-07-18 13:07:32.075,True,000022636,0.0,6466,14.5,1.0,CHF,14.5
cNumyT862VJoxstvnIOb,vergani,2019-07-18 13:40:41.205,True,000022638,0.0,6466,14.5,1.0,CHF,14.5
4FMHQmSrDi1xu5E5LOGF,vergani,2019-07-18 18:49:38.240,True,000024718,0.0,6300,38.0,1.0,CHF,38.0
4FMHQmSrDi1xu5E5LOGF,vergani,2019-07-18 18:49:38.240,True,000024718,0.0,6456,69.5,1.0,CHF,69.5
4FMHQmSrDi1xu5E5LOGF,vergani,2019-07-18 18:49:38.240,True,000024718,0.0,7100,56.0,1.0,CHF,56.0
E8LxgAgqxzx0EvGk52xe,vergani,2019-07-19 08:28:13.139,False,000024720,0.0,4572,70.0,1.0,CHF,70.0
zBrcaqD2VpmtWd7x9fgs,vergani,2019-07-19 08:33:08.735,True,000024722,0.0,4572,70.0,1.0,CHF,70.0
86z3x3ZNAG7B0thpoz0B,vergani,2019-07-20 10:05:24.931,True,000024724,0.0,4573,120.0,2.0,CHF,120.0
k2kbTSWcmgOX5W1vCGa8,vergani,2019-07-20 12:12:13.597,False,000024726,0.0,6279,47.0,2.0,CHF,47.0
k2kbTSWcmgOX5W1vCGa8,vergani,2019-07-20 12:12:13.597,False,000024726,0.0,7005,37.0,6.0,CHF,37.0
F579WIqJZRNucqPRiuWx,vergani,2019-07-20 16:48:13.155,True,000024728,0.0,6936,49.5,12.0,CHF,49.5
tETu8dL9P5Axk0rA7tDh,vergani,2019-07-21 07:37:41.275,True,000024731,0.0,6259,9.0,1.0,CHF,9.0
tETu8dL9P5Axk0rA7tDh,vergani,2019-07-21 07:37:41.275,True,000024731,0.0,6758,44.6,3.0,CHF,44.6
Qm4qGgdJPfKWvZGUmFzH,vergani,2019-07-21 16:27:47.424,True,000024733,0.0,7039,17.0,4.0,CHF,17.0
Qm4qGgdJPfKWvZGUmFzH,vergani,2019-07-21 16:27:47.424,True,000024733,0.0,6983,21.6,2.0,CHF,21.6
Qm4qGgdJPfKWvZGUmFzH,vergani,2019-07-21 16:27:47.424,True,000024733,0.0,7190,23.8,4.0,CHF,23.8
Qm4qGgdJPfKWvZGUmFzH,vergani,2019-07-21 16:27:47.424,True,000024733,0.0,6739,8.8,12.0,CHF,8.8
ZWqiXPPvzof3KhrT1fXD,vergani,2019-07-21 19:34:31.812,True,000024736,0.0,6794,13.0,8.0,CHF,13.0
IRmczgeEwQzKonVZfwmi,vergani,2019-07-22 10:00:46.837,False,000024738,0.0,7303,47.0,3.0,CHF,47.0
BSiyXsMePGAyIJvW41Rf,vergani,2019-07-22 14:31:32.505,True,000024741,0.0,6945,13.0,6.0,CHF,13.0
BSiyXsMePGAyIJvW41Rf,vergani,2019-07-22 14:31:32.505,True,000024741,0.0,6673,443.0,1.0,CHF,443.0
4xEc9z1sResb23Ey0TyB,vergani,2019-07-22 16:14:11.893,True,000024743,0.0,6466,14.5,42.0,CHF,14.5
xJBK7U682yTAz4SMC4pm,vergani,2019-07-23 10:03:35.832,False,000024747,0.0,6988,36.0,21.0,CHF,36.0
Cbkd34TpgRw9L7VAhXk3,vergani,2019-07-24 07:26:30.817,True,000024751,0.0,7346,20.0,1.0,CHF,23.6
nhSU5XyK47OeGmQcVLQ0,vergani,2019-07-24 09:28:48.197,True,000024757,0.0,7322,11.4,12.0,CHF,13.4
UFmmnZE1NRkMyDlVNQJK,vergani,2019-07-24 22:31:31.303,False,000024761,0.0,7019,35.8,1.0,CHF,35.8
UFmmnZE1NRkMyDlVNQJK,vergani,2019-07-24 22:31:31.303,False,000024761,0.0,7353,26.0,1.0,CHF,26.0
UFmmnZE1NRkMyDlVNQJK,vergani,2019-07-24 22:31:31.303,False,000024761,0.0,7191,22.4,1.0,CHF,22.4
UFmmnZE1NRkMyDlVNQJK,vergani,2019-07-24 22:31:31.303,False,000024761,0.0,7207,15.0,1.0,CHF,15.0
UFmmnZE1NRkMyDlVNQJK,vergani,2019-07-24 22:31:31.303,False,000024761,0.0,7344,20.5,1.0,CHF,20.5
UFmmnZE1NRkMyDlVNQJK,vergani,2019-07-24 22:31:31.303,False,000024761,0.0,7097,21.0,1.0,CHF,21.0
UFmmnZE1NRkMyDlVNQJK,vergani,2019-07-24 22:31:31.303,False,000024761,0.0,7318,26.8,1.0,CHF,26.8
UFmmnZE1NRkMyDlVNQJK,vergani,2019-07-24 22:31:31.303,False,000024761,0.0,7237,25.0,1.0,CHF,25.0
UFmmnZE1NRkMyDlVNQJK,vergani,2019-07-24 22:31:31.303,False,000024761,0.0,6936,49.5,1.0,CHF,49.5
UFmmnZE1NRkMyDlVNQJK,vergani,2019-07-24 22:31:31.303,False,000024761,0.0,7005,37.0,1.0,CHF,37.0
UFmmnZE1NRkMyDlVNQJK,vergani,2019-07-24 22:31:31.303,False,000024761,0.0,6991,15.5,1.0,CHF,15.5
UFmmnZE1NRkMyDlVNQJK,vergani,2019-07-24 22:31:31.303,False,000024761,0.0,6948,15.3,1.0,CHF,15.3
gPfNtAA5QCqtXa6133Q4,vergani,2019-07-25 09:31:35.941,False,000024763,0.0,7269,16.3,6.0,CHF,16.3
gPfNtAA5QCqtXa6133Q4,vergani,2019-07-25 09:31:35.941,False,000024763,0.0,7137,15.0,6.0,CHF,15.0
gPfNtAA5QCqtXa6133Q4,vergani,2019-07-25 09:31:35.941,False,000024763,0.0,7322,11.4,6.0,CHF,11.4
gPfNtAA5QCqtXa6133Q4,vergani,2019-07-25 09:31:35.941,False,000024763,0.0,7346,20.0,12.0,CHF,20.0
zBrcaqD2VpmtWd7x9fgs,vergani,2019-07-26 08:56:59.980,True,000024771,0.0,4572,70.0,1.0,CHF,70.0
iCVST6hUsAr6sQ9cVZRr,vergani,2019-07-26 12:20:17.684,True,000024773,0.0,6647,160.0,1.0,CHF,160.0
vGgdCnhUMC7hCEne1WRh,vergani,2019-07-26 13:31:48.143,True,000024777,0.0,7353,26.0,12.0,CHF,26.0
Ikk9q4dgA8oMnIGIkwKM,vergani,2019-07-26 16:59:04.653,False,000024780,0.0,6995,16.8,12.0,CHF,16.8
MclHGoKQ2V4XwT9Mf8PV,vergani,2019-07-27 09:29:16.609,True,000024783,0.0,7309,99.0,1.0,CHF,99.0
MclHGoKQ2V4XwT9Mf8PV,vergani,2019-07-27 09:29:16.609,True,000024783,0.0,7101,57.0,1.0,CHF,57.0
MclHGoKQ2V4XwT9Mf8PV,vergani,2019-07-27 09:29:16.609,True,000024783,0.0,6743,55.5,1.0,CHF,55.5
MclHGoKQ2V4XwT9Mf8PV,vergani,2019-07-27 09:29:16.609,True,000024783,0.0,7005,37.0,2.0,CHF,37.0
HkTzApLVmNE3QIykcvuO,vergani,2019-07-27 19:58:09.556,True,000024786,0.0,7023,18.0,12.0,CHF,18.0
IaW8Dsdwmd3vLs5JXs3B,vergani,2019-07-28 11:11:26.785,True,000024788,0.0,6793,11.3,1.0,CHF,13.3
yELpM7wIgbJRN0vST9Au,vergani,2019-07-28 20:25:22.485,False,000024789,0.0,6335,19.8,2.0,CHF,19.8
yELpM7wIgbJRN0vST9Au,vergani,2019-07-28 20:25:22.485,False,000024789,0.0,6283,41.0,1.0,CHF,41.0
yELpM7wIgbJRN0vST9Au,vergani,2019-07-28 20:25:22.485,False,000024789,0.0,6386,10.0,1.0,CHF,10.0
yELpM7wIgbJRN0vST9Au,vergani,2019-07-28 20:25:22.485,False,000024789,0.0,6365,10.0,1.0,CHF,10.0
fQse6sWLMPDshTBpBH8S,vergani,2019-07-29 08:55:04.414,True,000024792,0.0,4572,70.0,4.0,CHF,70.0
roJcwZIVWk4zUT9R0cfF,vergani,2019-07-29 16:01:32.546,True,000024793,15.0,6466,14.5,4.0,CHF,14.5
OpHzFD852Ev8gThmqdRi,vergani,2019-07-30 14:33:27.451,False,000024796,0.0,6390,8.8,24.0,CHF,8.8
Jk8dMBv6T5rVS11fJJT9,vergani,2019-07-30 18:37:59.818,True,000024799,0.0,7137,15.0,6.0,CHF,15.0
Jk8dMBv6T5rVS11fJJT9,vergani,2019-07-30 18:37:59.818,True,000024799,0.0,7288,15.9,6.0,CHF,15.9
mznV7X6LkH4Ddc8xSa39,vergani,2019-07-31 10:02:18.225,True,000024803,0.0,6415,25.9,3.0,CHF,25.9
mznV7X6LkH4Ddc8xSa39,vergani,2019-07-31 10:02:18.225,True,000024803,0.0,6739,8.8,6.0,CHF,8.8
BPyASU7RW8Df5ZcB3pRI,vergani,2019-07-31 17:18:55.830,True,000024805,0.0,6466,14.5,8.0,CHF,14.5
7bx404T82Hffzffut2Il,vergani,2019-08-01 09:26:04.200,False,000024807,0.0,7043,28.0,6.0,CHF,28.0
7bx404T82Hffzffut2Il,vergani,2019-08-01 09:26:04.200,False,000024807,0.0,6552,15.0,6.0,CHF,15.0
R0nJdBlTDwtw3S2aiyW1,vergani,2019-08-01 13:15:46.781,True,000024809,0.0,6290,47.0,1.0,CHF,47.0
R0nJdBlTDwtw3S2aiyW1,vergani,2019-08-01 13:15:46.781,True,000024809,0.0,6313,79.0,1.0,CHF,79.0
EfK2JURGxynGxS0VX4S0,vergani,2019-08-01 16:09:11.120,True,000024812,0.0,7062,15.0,12.0,CHF,15.0
7QDu498iOppFsFFs2QRg,vergani,2019-08-01 22:50:28.877,False,000024813,0.0,6262,168.0,1.0,CHF,168.0
7QDu498iOppFsFFs2QRg,vergani,2019-08-01 22:50:28.877,False,000024813,0.0,7353,26.0,4.0,CHF,26.0
1sgDI8rngicslIT6PCXs,vergani,2019-08-02 09:06:06.048,False,000024816,0.0,6314,81.0,1.0,CHF,81.0
1sgDI8rngicslIT6PCXs,vergani,2019-08-02 09:06:06.048,False,000024816,0.0,6389,215.0,1.0,CHF,215.0
snlzqncB8kHc4bpx238I,vergani,2019-08-02 10:55:35.401,True,000024819,15.0,6370,19.0,1.0,CHF,19.0
snlzqncB8kHc4bpx238I,vergani,2019-08-02 10:55:35.401,True,000024819,15.0,6334,19.0,1.0,CHF,19.0
zPBH5Jyp2VHkEGVGT9N0,vergani,2019-08-02 16:15:40.099,True,000024820,0.0,7137,15.0,2.0,CHF,15.0
zPBH5Jyp2VHkEGVGT9N0,vergani,2019-08-02 16:15:40.099,True,000024820,0.0,7178,18.4,6.0,CHF,18.4
6Bh50US6vTVs1TlOyQVG,vergani,2019-08-03 06:22:18.284,True,000024824,0.0,7031,26.0,6.0,CHF,26.0
mx6aBhTDozypB5e81vGB,vergani,2019-08-03 14:37:56.943,True,000024826,0.0,7272,12.0,9.0,CHF,12.0
kTebDMBV7ms5FdI6O2Ga,vergani,2019-08-04 07:51:47.933,True,000024828,0.0,6466,14.5,7.0,CHF,14.5
eq9XdJ6JgkqKb8G3aZEg,vergani,2019-08-05 05:06:29.784,True,000024835,0.0,27,120.0,1.0,CHF,120.0
KZI9hhfvnzqLM6xWuISZ,vergani,2019-08-05 07:09:03.741,True,000024837,0.0,6671,102.0,1.0,CHF,102.0
KdF4HX0I4TSXpNR8zqV3,vergani,2019-08-05 10:48:35.719,False,000024839,0.0,7184,19.0,12.0,CHF,19.0
Kuqfc3yGMCKtm7ryUqfJ,vergani,2019-08-05 13:29:16.527,False,000024841,0.0,6890,19.0,6.0,CHF,19.0
6ZXrquAoTIgpMoU2NC3I,vergani,2019-08-05 18:32:16.723,True,000024843,15.0,6794,13.0,6.0,CHF,13.0
CxJWsvzO2HhdMXbxDeZR,vergani,2019-08-06 09:43:30.727,True,000024845,0.0,7226,37.0,8.0,CHF,37.0
qvEhC6r2oXLfDwyckPuN,vergani,2019-08-06 15:35:13.682,True,000024847,0.0,6419,87.0,2.0,CHF,87.0
Xityzp2dWkOJ2dXthb8c,vergani,2019-08-06 19:28:29.711,False,000024849,0.0,6355,45.0,4.0,CHF,45.0
Xityzp2dWkOJ2dXthb8c,vergani,2019-08-06 19:28:29.711,False,000024849,0.0,6290,47.0,2.0,CHF,47.0
eZ160yrIiGUr1sncCsoL,vergani,2019-08-06 20:02:22.594,False,000024851,0.0,7071,21.3,18.0,CHF,21.3
qLBGRbE45pWJeeqeyFg1,vergani,2019-08-07 11:25:19.960,True,000024855,0.0,7084,208.0,2.0,CHF,208.0
VlywvhZIgfTunnk0ooI2,vergani,2019-08-07 13:45:22.665,True,000024857,0.0,6415,25.9,6.0,CHF,25.9
RcBuW3LoIXDlBWRpADZm,vergani,2019-08-07 18:18:22.512,False,000024859,0.0,6262,168.0,1.0,CHF,168.0
RcBuW3LoIXDlBWRpADZm,vergani,2019-08-07 18:18:22.512,False,000024859,0.0,7181,22.0,6.0,CHF,22.0
fsTRNwzib8AkJmn91r5O,vergani,2019-08-08 06:07:53.832,True,000024861,0.0,7324,127.0,1.0,CHF,127.0
5str7TVc9lV6ZXpg1xJN,vergani,2019-08-08 09:33:40.604,False,000024863,0.0,6770,36.0,2.0,CHF,36.0
5str7TVc9lV6ZXpg1xJN,vergani,2019-08-08 09:33:40.604,False,000024863,0.0,7108,41.4,6.0,CHF,41.4
5str7TVc9lV6ZXpg1xJN,vergani,2019-08-08 09:33:40.604,False,000024863,0.0,7303,47.0,6.0,CHF,47.0
5str7TVc9lV6ZXpg1xJN,vergani,2019-08-08 09:33:40.604,False,000024863,0.0,6625,31.0,1.0,CHF,31.0
5str7TVc9lV6ZXpg1xJN,vergani,2019-08-08 09:33:40.604,False,000024863,0.0,7278,18.5,6.0,CHF,18.5
5str7TVc9lV6ZXpg1xJN,vergani,2019-08-08 09:33:40.604,False,000024863,0.0,7177,18.8,1.0,CHF,18.8
5str7TVc9lV6ZXpg1xJN,vergani,2019-08-08 09:33:40.604,False,000024863,0.0,7045,18.8,2.0,CHF,13.3
9lih8KOpo27B70N9GgTK,vergani,2019-08-08 11:28:19.440,True,000024865,0.0,7173,30.0,6.0,CHF,30.0
NPrC9ze8ukLnnJU4zUxl,vergani,2019-08-08 13:22:31.780,True,000024866,15.0,6262,168.0,2.0,CHF,168.0
bAevoE73n51kTp8cRFtU,vergani,2019-08-08 14:10:27.761,True,000024869,15.0,6262,168.0,1.0,CHF,168.0
H9Nvf3BmghAwFKZp3Rod,vergani,2019-08-08 14:35:36.540,False,000024870,0.0,7184,19.0,6.0,CHF,19.0
rvR9yuxNTWh2Zl15Nogm,vergani,2019-08-08 17:34:59.874,False,000024872,0.0,6546,13.0,6.0,CHF,13.0
rvR9yuxNTWh2Zl15Nogm,vergani,2019-08-08 17:34:59.874,False,000024872,0.0,7213,9.0,6.0,CHF,9.0
oboTpa4loI0BTdwTcWan,vergani,2019-08-08 18:55:14.853,True,000024875,15.0,6262,168.0,1.0,CHF,168.0
NQT9UEi2XpUh0Z9fs1k2,vergani,2019-08-08 20:06:26.001,True,000024878,0.0,7243,15.0,1.0,CHF,15.0
NQT9UEi2XpUh0Z9fs1k2,vergani,2019-08-08 20:06:26.001,True,000024878,0.0,7242,14.0,1.0,CHF,14.0
NQT9UEi2XpUh0Z9fs1k2,vergani,2019-08-08 20:06:26.001,True,000024878,0.0,7239,13.6,1.0,CHF,13.6
NQT9UEi2XpUh0Z9fs1k2,vergani,2019-08-08 20:06:26.001,True,000024878,0.0,7315,18.3,1.0,CHF,18.3
NQT9UEi2XpUh0Z9fs1k2,vergani,2019-08-08 20:06:26.001,True,000024878,0.0,7038,19.5,2.0,CHF,19.5
NQT9UEi2XpUh0Z9fs1k2,vergani,2019-08-08 20:06:26.001,True,000024878,0.0,7349,13.6,1.0,CHF,13.6
NQT9UEi2XpUh0Z9fs1k2,vergani,2019-08-08 20:06:26.001,True,000024878,0.0,7280,10.0,1.0,CHF,10.0
NQT9UEi2XpUh0Z9fs1k2,vergani,2019-08-08 20:06:26.001,True,000024878,0.0,6552,15.0,1.0,CHF,15.0
NQT9UEi2XpUh0Z9fs1k2,vergani,2019-08-08 20:06:26.001,True,000024878,0.0,7168,18.3,1.0,CHF,18.3
NQT9UEi2XpUh0Z9fs1k2,vergani,2019-08-08 20:06:26.001,True,000024878,0.0,7282,13.0,1.0,CHF,13.0
NQT9UEi2XpUh0Z9fs1k2,vergani,2019-08-08 20:06:26.001,True,000024878,0.0,7285,14.0,1.0,CHF,14.0
eIC9O9VdXm4tlIC4BRsH,vergani,2019-08-08 20:14:51.871,False,000024881,0.0,6263,17.5,8.0,CHF,17.5
duquX6hT0WiGQL4Wie43,vergani,2019-08-09 05:47:16.489,False,000024883,0.0,6262,168.0,1.0,CHF,168.0
duquX6hT0WiGQL4Wie43,vergani,2019-08-09 05:47:16.489,False,000024883,0.0,6466,14.5,3.0,CHF,14.5
duquX6hT0WiGQL4Wie43,vergani,2019-08-09 05:47:16.489,False,000024883,0.0,7269,16.3,2.0,CHF,16.3
duquX6hT0WiGQL4Wie43,vergani,2019-08-09 05:47:16.489,False,000024883,0.0,7258,22.3,2.0,CHF,22.3
Nk076TeuaayxlUA3Gvv1,vergani,2019-08-09 11:58:03.183,True,000024885,0.0,7257,25.3,2.0,CHF,25.3
Nk076TeuaayxlUA3Gvv1,vergani,2019-08-09 11:58:03.183,True,000024885,0.0,7351,15.3,1.0,CHF,15.3
Nk076TeuaayxlUA3Gvv1,vergani,2019-08-09 11:58:03.183,True,000024885,0.0,7138,44.0,1.0,CHF,44.0
dd645qibqsWIheLiOvba,vergani,2019-08-09 13:32:07.485,True,000024888,0.0,6812,17.4,2.0,CHF,17.4
dd645qibqsWIheLiOvba,vergani,2019-08-09 13:32:07.485,True,000024888,0.0,7242,14.0,2.0,CHF,13.4
dd645qibqsWIheLiOvba,vergani,2019-08-09 13:32:07.485,True,000024888,0.0,7173,30.0,2.0,CHF,30.0
eXlNadNBIwTfXwfP45fx,vergani,2019-08-09 18:36:18.033,False,000024890,0.0,6344,33.0,8.0,CHF,33.0
XWnNSftoTp3a8a2Py2uB,vergani,2019-08-10 13:12:26.048,True,000024892,15.0,7201,80.0,1.0,CHF,80.0
wOMDO42HAP1sX2K2Myzv,vergani,2019-08-10 17:10:59.987,True,000024894,0.0,7285,14.0,12.0,CHF,13.3
TaBr54b0KM8FpD4K4LNu,vergani,2019-08-10 22:36:11.834,True,000024896,15.0,6279,47.0,1.0,CHF,47.0
igHl6VyTiRryyqeHvPFm,vergani,2019-08-11 08:33:46.808,True,000024899,0.0,7043,28.0,1.0,CHF,28.0
igHl6VyTiRryyqeHvPFm,vergani,2019-08-11 08:33:46.808,True,000024899,0.0,7189,15.3,1.0,CHF,15.3
igHl6VyTiRryyqeHvPFm,vergani,2019-08-11 08:33:46.808,True,000024899,0.0,7178,18.4,3.0,CHF,18.4
BqwnQi84xSZVdv5qwlli,vergani,2019-08-11 10:48:24.561,True,000024901,0.0,6728,39.0,1.0,CHF,39.0
BqwnQi84xSZVdv5qwlli,vergani,2019-08-11 10:48:24.561,True,000024901,0.0,7190,23.8,4.0,CHF,23.8
R9VbB7yDTStd8lH05yfs,vergani,2019-08-11 14:05:45.064,True,000024903,0.0,7039,17.0,16.0,CHF,17.0
ZwlkpPRG7iGvkMoCpnrR,vergani,2019-08-11 18:02:05.829,False,000024905,0.0,6366,19.0,4.0,CHF,19.0
ZwlkpPRG7iGvkMoCpnrR,vergani,2019-08-11 18:02:05.829,False,000024905,0.0,6335,19.8,2.0,CHF,19.8
8XHDXXsb1E79qUl3IUwA,vergani,2019-08-12 08:31:53.542,True,000024907,0.0,6381,40.0,1.0,CHF,40.0
